-- phpMyAdmin SQL Dump
-- version 5.2.0
-- https://www.phpmyadmin.net/
--
-- Host: 127.0.0.1
-- Generation Time: Oct 12, 2023 at 08:24 AM
-- Server version: 10.4.24-MariaDB
-- PHP Version: 7.4.29

SET SQL_MODE = "NO_AUTO_VALUE_ON_ZERO";
START TRANSACTION;
SET time_zone = "+00:00";


/*!40101 SET @OLD_CHARACTER_SET_CLIENT=@@CHARACTER_SET_CLIENT */;
/*!40101 SET @OLD_CHARACTER_SET_RESULTS=@@CHARACTER_SET_RESULTS */;
/*!40101 SET @OLD_COLLATION_CONNECTION=@@COLLATION_CONNECTION */;
/*!40101 SET NAMES utf8mb4 */;

--
-- Database: `db_inventaris_smkn1puring`
--

-- --------------------------------------------------------

--
-- Table structure for table `tb_baranghp`
--

CREATE TABLE `tb_baranghp` (
  `id_baranghp` int(11) NOT NULL,
  `kode_hp` varchar(15) NOT NULL,
  `barang` varchar(100) NOT NULL,
  `satuan` varchar(15) NOT NULL,
  `id_kategori` int(3) NOT NULL,
  `stok` int(11) NOT NULL,
  `harga` int(11) NOT NULL
) ENGINE=InnoDB DEFAULT CHARSET=latin1;

--
-- Dumping data for table `tb_baranghp`
--

INSERT INTO `tb_baranghp` (`id_baranghp`, `kode_hp`, `barang`, `satuan`, `id_kategori`, `stok`, `harga`) VALUES
(1, 'Br001', 'Spidol', 'Buah', 38, 10, 10000),
(2, 'Br002', 'Kertas HVS', 'Rim', 38, 10, 50000);

-- --------------------------------------------------------

--
-- Table structure for table `tb_baranginv`
--

CREATE TABLE `tb_baranginv` (
  `id_baranginv` int(11) NOT NULL,
  `kode_inv` varchar(50) NOT NULL,
  `barang` varchar(100) NOT NULL,
  `merk` varchar(30) NOT NULL,
  `satuan` varchar(15) NOT NULL,
  `id_kategori` int(3) NOT NULL,
  `th_beli` varchar(5) NOT NULL,
  `id_kondisi` int(2) NOT NULL,
  `keterangan` varchar(100) NOT NULL
) ENGINE=InnoDB DEFAULT CHARSET=latin1;

--
-- Dumping data for table `tb_baranginv`
--

INSERT INTO `tb_baranginv` (`id_baranginv`, `kode_inv`, `barang`, `merk`, `satuan`, `id_kategori`, `th_beli`, `id_kondisi`, `keterangan`) VALUES
(1, '02.03.01', 'Mobil Ertiga', 'Suzuki', 'Unit', 3, '2016', 1, 'Bantuan'),
(2, '11', 'ALAT KOMPUTER', 'ACER', 'PICIS', 11, '2020', 1, 'AKTIF'),
(3, '02.03.02-R', 'Mobil Honda Brio', 'Honda', 'Unit', 3, '2016', 1, ''),
(4, '02.02.04....1-K', 'KOMPRESOR UDARA', 'NLG', 'UNIT', 4, '2016', 1, 'BENGKEL CHASIS 2'),
(5, '02.02.04...2-K', 'KOMPRESOR UDARA', 'STANDAR', 'UNIT', 4, '2016', 1, 'BENGKEL CHASIS 1'),
(6, '02.02.04...-C', 'CARLIFT', 'STANDAR', 'UNIT', 4, '', 1, 'BENGKEL CHASIS 2'),
(7, '02.02.04....2-B', 'BALANCING', 'KRISBOW', 'UNIT', 4, '', 1, 'BENGKEL CHASIS 2'),
(8, '02.02.004...1-B', 'BALANCING', 'LAUNCH', 'UNIT', 4, '', 1, 'BENGKEL CHASIS 2'),
(9, '02.02.4...-TC', 'TIRE CHANGER', 'KRISBOW', 'UNIT', 4, '', 1, 'BENGKEL CHASIS 2'),
(10, '02.02.04...-DT', 'DONGKRAK TRANSMISI', 'STANDAR', 'UNIT', 4, '', 1, 'BENGKEL CHASIS 2'),
(11, '02.02.04.1-BL', 'BIKE LIFT', 'STANDAR', 'UNIT', 4, '2006', 1, 'BENGKEL CHASIS 2'),
(12, '02.02.04....2-BL', 'BIKE LIFT', 'STANDAR', 'UNIT', 4, '', 1, 'BENGKEL CHASIS 2'),
(13, '02.02.04.....1-DB', 'DONGKRAK BUAYA', 'TEKIRO', 'UNIT', 4, '', 1, 'BENGKEL CHASIS 1'),
(14, '02.02.04....2-DB', 'DONGKRAK BUAYA', 'TEKIRO', 'UNIT', 4, '', 1, 'BENGKEL CHASIS 1'),
(15, '02.02.04....3-DB', 'DONGKRAK BUAYA', 'TEKIRO', 'UNIT', 4, '', 1, 'BENGKEL CHASIS 1'),
(16, '02.02.04.....4-DB', 'DONGKRAK BUAYA', 'KRISBOW', 'UNIT', 4, '', 1, 'BENGKEL CHASIS 1'),
(17, '02.02.04....5-DB', 'DONGKRAK BUAYA', 'KRISBOW', 'UNIT', 4, '', 1, 'BENGKEL CHASIS 1'),
(18, '02.02.04.....-HT', 'HAND TAP', 'STANDAR', 'UNIT', 4, '', 1, 'BENGKEL CHASIS 1'),
(19, '02.02.04....1-BT', 'BRAKE TOOL SET', 'WIPRO', 'SET ', 4, '', 1, 'BENGKEL CHASIS 1'),
(20, '02.02.04....2-BT', 'BRAKE TOOL SET', 'WIPRO', 'SET ', 4, '', 1, 'BENGKEL CHASIS 1'),
(21, '02.02.06....1-KA', 'KIPAS ANGIN', 'MIYAKO', 'BUAH', 6, '', 1, 'BENGKEL CHASIS 1'),
(22, '02.02.06....2-KA', 'KIPAS ANGIN', '', 'BUAH', 6, '', 1, 'BENGKEL CHASIS 1'),
(23, '02.02.04.....1-JS', 'JACK STAND', 'TEKIRO', 'BUAH', 4, '', 1, 'BENGKEL CHASIS 1'),
(24, '02.02.04....2-JS', 'JACK STAND', 'TEKIRO', 'BUAH', 4, '', 1, 'BENGKEL CHASIS 1'),
(25, '02..02.04.....3-JS', 'JACK STAND', 'TEKIRO', 'BUAH', 4, '', 1, 'BENGKEL CHASIS 1'),
(26, '02.02.04.....4-JS', 'JACK STAND', 'TEKIRO', 'BUAH', 4, '', 1, 'BENGKEL CHASIS 1'),
(27, '02.02.04.....5-JS', 'JACK STAND', 'TEKIRO', 'BUAH', 4, '', 1, 'BENGKEL CHASIS 1'),
(28, '02.02.04.....6-JS', 'JACK STAND', 'TEKIRO', 'BUAH', 4, '', 1, 'BENGKEL CHASIS 1'),
(29, '02.02.04....1-R', 'RAGUM', 'PROTECH', 'BUAH', 4, '', 1, 'BENGKEL KERJA BANGKU'),
(30, '02.02.04....2-R', 'RAGUM', 'PROTECH', 'BUAH', 4, '', 1, 'BENGKEL KERJA BANGKU'),
(31, '02.02.04.....3-R', 'RAGUM', 'PROTECH', 'BUAH', 4, '', 1, 'BENGKEL KERJA BANGKU'),
(32, '02.02.04.....4-R', 'RAGUM', 'STANDAR', 'BUAH', 4, '', 1, 'BENGKEL KERJA BANGKU'),
(33, '02.02.4....1P', 'PARON', 'KRISBOW', 'BUAH', 4, '', 1, 'BENGKEL KERJA BANGKU'),
(34, '02.02.04....-GD', 'GRENDA DUDUK', 'WIPRO', 'BUAH', 4, '', 1, 'BENGKEL KERJA BANGKU'),
(35, '02.02.04.....1-BD', 'BOR DUDUK', 'STANDAR', 'BUAH', 4, '', 1, 'BENGKEL KERJA BANGKU'),
(36, '02.02.04....2-BD', 'BOR DUDUK', 'STANDAR', 'BUAH', 4, '', 1, 'BENGKEL KERJA BANGKU'),
(37, '02.02.04....1-KS', 'KUNCI SHOCK', 'TEKIRO', 'SET ', 4, '', 1, 'BENGKEL CHASIS 1'),
(38, '02.02.04.....2-KS', 'KUNCI SHOCK', 'TEKIRO', 'SET ', 4, '', 1, 'BENGKEL CHASIS 1'),
(39, '02.02.04....3-KS', 'KUNCI SHOCK', 'TEKIRO', 'SET ', 4, '', 1, 'BENGKEL CHASIS 1'),
(40, '02.02.04....4-KS', 'KUNCI SHOCK', 'TEKIRO', 'SET ', 4, '', 1, 'BENGKEL CHASIS 1'),
(41, '02.02.06....36B', 'MEJA', 'STANDAR', 'UNIT', 6, '2016', 1, 'RUANG 01'),
(42, '02.02.06....36A', 'KURSI', 'STANDAR', 'UNIT', 6, '2016', 1, 'RUANG 01'),
(43, '02.02.06....36C', 'MEJA', 'STANDAR', 'UNIT', 6, '2016', 1, 'RUANG 02'),
(44, '02.02.06....36D', 'KURSI', 'STANDAR', 'UNIT', 6, '2016', 1, 'RUANG 02'),
(45, '02.02.06....36F', 'MEJA', 'STANDAR', 'UNIT', 6, '2016', 1, 'RUANG 03'),
(46, '02.02.06....36G', 'KURSI', 'STANDAR', 'UNIT', 6, '2016', 1, 'RUANG 03'),
(47, '02.02.06....36H', 'MEJA', 'STANDAR', 'UNIT', 6, '2016', 1, 'RUANG 04'),
(48, '02.02.06....36I', 'KURSI', 'STANDAR', 'UNIT', 6, '2016', 1, 'RUANG 04'),
(49, '02.02.06....36J', 'MEJA', 'STANDAR', 'UNIT', 6, '2016', 1, 'RUANG 05'),
(50, '02.02.06....36K', 'KURSI', 'STANDAR', 'UNIT', 6, '2016', 1, 'RUANG 05'),
(51, '02.02.06....36L', 'MEJA', 'STANDAR', 'UNIT', 6, '2016', 1, 'RUANG 06'),
(52, '02.02.06....36M', 'KURSI', 'STANDAR', 'UNIT', 6, '2016', 1, 'RUANG 06'),
(53, '02.02.06....36N', 'MEJA', 'STANDAR', 'UNIT', 6, '2016', 1, 'RUANG 07'),
(54, '02.02.06....36O', 'KURSI', 'STANDAR', 'UNIT', 6, '2016', 1, 'RUANG 07'),
(55, '02.02.06....36P', 'MEJA', 'STANDAR', 'UNIT', 6, '2016', 1, 'RUANG 08'),
(56, '02.02.06....36Q', 'KURSI', 'STANDAR', 'UNIT', 6, '2016', 1, 'RUANG 08'),
(57, '02.02.06....36R', 'MEJA', 'STANDAR', 'UNIT', 6, '2016', 1, 'RUANG 09'),
(58, '02.02.06....36S', 'KURSI', 'STANDAR', 'UNIT', 6, '2016', 1, 'RUANG 09'),
(59, '02.02.06....36T', 'MEJA', 'STANDAR', 'UNIT', 6, '2016', 1, 'RUANG 10'),
(60, '02.02.06....36U', 'KURSI', 'STANDAR', 'UNIT', 6, '2016', 1, 'RUANG 10'),
(61, '02.02.06....36V', 'MEJA', 'STANDAR', 'UNIT', 6, '2016', 1, 'RUANG 11'),
(62, '02.02.06....36W', 'KURSI', 'STANDAR', 'UNIT', 6, '2016', 1, 'RUANG 11'),
(63, '02.02.06....36X', 'MEJA', 'STANDAR', 'UNIT', 6, '2016', 1, 'RUANG 12'),
(64, '02.02.06....36Y', 'KURSI', 'STANDAR', 'UNIT', 6, '2016', 1, 'RUANG 12'),
(65, '02.02.06....36Z', 'MEJA', 'STANDAR', 'UNIT', 6, '2016', 1, 'RUANG 13'),
(66, '02.02.06....36Z0', 'KURSI', 'STANDAR', 'UNIT', 6, '2016', 1, 'RUANG 13'),
(67, '02.02.06....36AA', 'MEJA', 'STANDAR', 'UNIT', 6, '2016', 1, 'RUANG 14'),
(68, '02.02.06....36AB', 'KURSI', 'STANDAR', 'UNIT', 6, '2016', 1, 'RUANG 14'),
(69, '02.02.06....36BB', 'MEJA', 'STANDAR', 'UNIT', 6, '2016', 1, 'RUANG 15'),
(70, '02.02.06....36CC', 'KURSI', 'STANDAR', 'UNIT', 6, '2016', 1, 'RUANG 15'),
(71, '02.02.06....36DD', 'MEJA', 'STANDAR', 'UNIT', 6, '2016', 1, 'RUANG 16'),
(72, '02.02.06....36EE', 'KURSI', 'STANDAR', 'UNIT', 6, '2016', 1, 'RUANG 16'),
(73, '02.02.06....36FF', 'MEJA', 'STANDAR', 'UNIT', 6, '2016', 1, 'RUANG 17'),
(74, '02.02.06....36GG', 'KURSI', 'STANDAR', 'UNIT', 6, '2016', 1, 'RUANG 17'),
(75, '02.02.06....36HH', 'MEJA', 'STANDAR', 'UNIT', 6, '2016', 1, 'RUANG 18'),
(76, '02.02.06....36II', 'KURSI', 'STANDAR', 'UNIT', 6, '2016', 1, 'RUANG 18'),
(77, '02.02.06....36JJ', 'MEJA', 'STANDAR', 'UNIT', 6, '2016', 1, 'RUANG 19'),
(78, '02.02.06....36KK', 'KURSI', 'STANDAR', 'UNIT', 6, '2016', 1, 'RUANG 19'),
(79, '02.02.06....36LL', 'MEJA', 'STANDAR', 'UNIT', 6, '2016', 1, 'RUANG 20'),
(80, '02.02.06....36MM', 'KURSI', 'STANDAR', 'UNIT', 6, '2016', 1, 'RUANG 20'),
(81, '02.02.06....36NN', 'MEJA', 'STANDAR', 'UNIT', 6, '2016', 1, 'RUANG 21'),
(82, '02.02.06....36OO', 'KURSI', 'STANDAR', 'UNIT', 6, '2016', 1, 'RUANG 21'),
(83, '02.02.06....36PP', 'MEJA', 'STANDAR', 'UNIT', 6, '2016', 1, 'RUANG 22'),
(84, '02.02.06....36QQ', 'KURSI', 'STANDAR', 'UNIT', 6, '2016', 1, 'RUANG 22'),
(85, '02.02.06....36RR', 'MEJA', 'STANDAR', 'UNIT', 6, '2016', 1, 'RUANG 23'),
(86, '02.02.06....36SS', 'KURSI', 'STANDAR', 'UNIT', 6, '2016', 1, 'RUANG 23'),
(87, '02.02.06....36TT', 'MEJA', 'STANDAR', 'UNIT', 6, '2016', 1, 'RUANG 24'),
(88, '02.02.06....36UU', 'KURSI', 'STANDAR', 'UNIT', 6, '2016', 1, 'RUANG 24'),
(89, '02.02.06....36VV', 'MEJA', 'STANDAR', 'UNIT', 6, '2016', 1, 'RUANG 25'),
(90, '02.02.06....36WW', 'KURSI', 'STANDAR', 'UNIT', 6, '2016', 1, 'RUANG 25'),
(91, '02.02.06....36XX', 'MEJA', 'STANDAR', 'UNIT', 6, '2016', 1, 'RUANG 26'),
(92, '02.02.06....36YY', 'KURSI', 'STANDAR', 'UNIT', 6, '2016', 1, 'RUANG 26'),
(93, '02.06.01.05.08', 'Papan Tulis', '-', 'unit', 27, '2005', 1, 'Baik'),
(94, '02.06.01.05.41', 'RAK KORAN', 'Standar', 'Unit', 36, '2014', 1, 'Baik'),
(95, '02.06.01.05.42', 'RAK KORAN', 'Standar', 'Unit', 36, '2014', 1, 'Baik'),
(96, '02.06.01.05.43', 'RAK KORAN', 'Standar', 'Unit', 35, '2020', 1, 'Baik'),
(97, '02.06.02.01.04', 'Meja baca outdoor', 'Standar', 'Unit', 41, '2007', 1, 'Baik'),
(98, '02.06.02.01.05', 'Meja baca outdoor', 'Standar', 'Unit', 41, '2007', 1, 'Baik'),
(99, '02.06.02.01.06', 'Meja baca outdoor', 'Standar', 'Unit', 41, '2007', 1, 'Baik'),
(100, '02.06.02.01.07', 'Meja baca outdoor', 'Standar', 'Unit', 41, '2007', 1, 'Baik'),
(101, '02.06.02.01.08', 'Meja baca outdoor', 'Standar', 'Unit', 41, '2007', 1, 'Baik'),
(102, '02.06.02.01.09', 'Meja baca outdoor', 'Standar', 'Unit', 41, '2007', 1, 'Baik'),
(103, '02.06.02.01.10', 'Meja baca outdoor', 'Standar', 'Unit', 41, '2007', 1, 'Baik'),
(104, '02.06.02.01.11', 'Meja baca outdoor', 'Standar', 'Unit', 41, '2007', 1, 'Baik'),
(105, '02.06.02.01.12', 'Meja baca outdoor', 'Standar', 'Unit', 41, '2007', 1, 'Baik'),
(106, '02.06.02.01.13', 'Meja baca outdoor', 'Standar', 'Unit', 41, '2007', 1, 'Baik'),
(107, '02.06.02.01.14', 'Meja baca outdoor', 'Standar', 'Unit', 41, '2007', 1, 'Baik'),
(108, '02.06.02.01.15', 'Meja baca outdoor', 'Standar', 'Unit', 41, '2007', 1, 'Baik'),
(109, '02.06.02.01.16', 'Meja baca outdoor', 'Standar', 'Unit', 41, '2007', 1, 'Baik'),
(110, '02.06.02.01.17', 'Meja baca outdoor', 'Standar', 'Unit', 41, '2007', 1, 'Baik'),
(111, '02.06.02.01.18', 'Meja baca outdoor', 'Standar', 'Unit', 41, '2007', 1, 'Baik'),
(112, '02.06.02.01.19', 'Meja baca outdoor', 'Standar', 'Unit', 41, '2007', 1, 'Baik'),
(113, '02.06.02.01.20', 'Meja baca outdoor', 'Standar', 'Unit', 41, '2007', 1, 'Baik'),
(114, '02.06.02.01.21', 'Meja baca outdoor', 'Standar', 'Unit', 41, '2007', 1, 'Baik'),
(115, '02.06.02.01.22', 'Meja baca outdoor', 'Standar', 'Unit', 41, '2007', 1, 'Baik'),
(116, '02.06.02.01.23', 'Meja baca outdoor', 'Standar', 'Unit', 41, '2007', 1, 'Baik'),
(117, '02.06.02.01.24', 'Meja baca outdoor', 'Standar', 'Unit', 41, '2007', 1, 'Baik'),
(118, '02.06.02.01.25', 'Meja baca outdoor', 'Standar', 'Unit', 41, '2007', 1, 'Baik'),
(119, '02.06.02.01.26', 'Meja baca outdoor', 'Standar', 'Unit', 41, '2007', 1, 'Baik'),
(120, '02.06.02.01.27', 'Meja baca outdoor', 'Standar', 'Unit', 41, '2007', 1, 'Baik'),
(121, '02.06.02.01.28', 'Meja Baca', 'Standar', 'Unit', 41, '2020', 1, 'Baik'),
(122, '02.06.02.01.29', 'Meja Baca', 'Standar', 'Unit', 41, '2020', 1, 'Baik'),
(123, '02.06.02.01.30', 'Meja baca ', 'Standar', 'Unit', 41, '2020', 1, 'Baik'),
(124, '02.06.02.01.31', 'Meja baca ', 'Standar', 'Unit', 41, '2020', 1, 'Baik'),
(125, '02.06.02.01.32', 'Meja baca ', 'Standar', 'Unit', 41, '2007', 1, 'Baik'),
(126, '02.06.02.01.33', 'Meja baca ', 'Standar', 'Unit', 41, '2007', 1, 'Baik'),
(127, '02.02.04...5-R', 'RAGUM', 'STANDAR', 'BUAH', 4, '', 1, 'BENGKEL KERJA BANGKU'),
(128, '02.02.04...6-R', 'RAGUM', 'STANDAR', 'BUAH', 4, '', 1, 'BENGKEL KERJA BANGKU'),
(129, '02.02.04...7-R', 'RAGUM', 'STANDAR', 'BUAH', 3, '', 1, 'BENGKEL KERJA BANGKU'),
(130, '02.02.04...8-R', 'RAGUM', 'STANDAR', 'BUAH', 3, '', 1, 'BENGKEL KERJA BANGKU'),
(131, '02.02.04...9-R', 'RAGUM', 'STANDAR', 'BUAH', 4, '', 1, 'BENGKEL KERJA BANGKU'),
(132, '02.02.04..10-R', 'RAGUM', 'STANDAR', 'BUAH', 3, '', 1, 'BENGKEL KERJA BANGKU'),
(133, '02.02.04....11-R', 'RAGUM', 'STANDAR', 'BUAH', 4, '', 1, 'BENGKEL KERJA BANGKU'),
(134, '02.02.04...12-R', 'RAGUM', 'STANDAR', 'BUAH', 4, '', 1, 'BENGKEL KERJA BANGKU'),
(135, '02.02.04...1-PT', 'PALU TERAK', 'STANDAR', 'BUAH', 4, '', 1, 'BENGKEL KERJA BANGKU'),
(136, '02.02.04...2-PT', 'PALU TERAK', 'STANDAR', 'BUAH', 4, '', 1, 'BENGKEL KERJA BANGKU'),
(137, '02.02.04....3-PT', 'PALU TERAK', 'STANDAR', 'BUAH', 4, '', 1, 'BENGKEL KERJA BANGKU'),
(138, '02.02.04....1-KT8', 'KUNCI T', 'TEKIRO', 'BUAH', 4, '', 1, 'BENGKEL CHASIS 1'),
(139, '02.02.04...2-KT8', 'KUNCI T', 'TEKIRO', 'BUAH', 4, '', 1, 'BENGKEL CHASIS 1'),
(140, '02.02.04...3-KT8', 'KUNCI T', 'TEKIRO', 'BUAH', 4, '', 1, 'BENGKEL CHASIS 1'),
(141, '02.02.04...1-KT10', 'KUNCI T', '', 'BUAH', 4, '', 1, 'BENGKEL CHASIS 1'),
(142, '02.02.04...2-KT10', 'KUNCI T', 'TEKIRO', 'BUAH', 4, '', 1, 'BENGKEL CHASIS 1'),
(143, '02.02.04...3-KT10', 'KUNCI T', 'TEKIRO', 'BUAH', 4, '', 1, 'BENGKEL CHASIS 1'),
(144, '02.02.04...4-KT10', 'KUNCI T', 'TEKIRO', 'BUAH', 4, '', 1, 'BENGKEL CHASIS 1'),
(145, '02.02.04...5-KT10', 'KUNCI T', 'TEKIRO', 'BUAH', 4, '', 1, 'BENGKEL CHASIS 1'),
(146, '02.02.04...6-KT10', 'KUNCI T', 'TEKIRO', 'BUAH', 4, '', 1, 'BENGKEL CHASIS 1'),
(147, '02.02.04...7-KT10', 'KUNCI T', 'TEKIRO', 'BUAH', 4, '', 1, 'BENGKEL CHASIS 1'),
(148, '02.02.04...8-KT10', 'KUNCI T', 'TEKIRO', 'BUAH', 4, '', 1, 'BENGKEL CHASIS 1'),
(149, '02.02.04...9-KT10', 'KUNCI T', 'TEKIRO', 'BUAH', 4, '', 1, 'BENGKEL CHASIS 1'),
(150, '02.02.04..10-KT10', 'KUNCI T', 'TEKIRO', 'BUAH', 4, '', 1, 'BENGKEL CHASIS 1'),
(151, '02.02.04....1-KT12', 'KUNCI T', 'TEKIRO', 'BUAH', 4, '', 1, 'BENGKEL CHASIS 1'),
(152, '02.02.04...2-KT12', 'KUNCI T', 'TEKIRO', 'BUAH', 4, '', 1, 'BENGKEL CHASIS 1'),
(153, '02.02.04....3-KT12', 'KUNCI T', 'TEKIRO', 'BUAH', 4, '', 1, 'BENGKEL CHASIS 1'),
(154, '02.02.04....4-KT12', 'KUNCI T', 'TEKIRO', 'BUAH', 4, '', 1, 'BENGKEL CHASIS 1'),
(155, '02.02.04....5-KT12', 'KUNCI T', 'TEKIRO', 'BUAH', 3, '', 1, 'BENGKEL CHASIS 1'),
(156, '02.02.04....6-KT12', 'KUNCI T', 'TEKIRO', 'BUAH', 4, '', 1, 'BENGKEL CHASIS 1'),
(157, '02.02.04....7-KT12', 'KUNCI T', 'TEKIRO', 'BUAH', 4, '', 1, 'BENGKEL CHASIS 1'),
(158, '02.02.04....8-KT12', 'KUNCI T', 'TEKIRO', 'BUAH', 4, '', 1, 'BENGKEL CHASIS 1'),
(159, '02.02.04....9-KT12', 'KUNCI T', 'TEKIRO', 'BUAH', 4, '', 1, 'BENGKEL CHASIS 1'),
(160, '02.02.04....10-KT12', 'KUNCI T', 'TEKIRO', 'BUAH', 4, '', 1, 'BENGKEL CHASIS 1'),
(161, '02.02.04....1-KT14', 'KUNCI T', 'TEKIRO', 'BUAH', 4, '', 1, 'BENGKEL CHASIS 1'),
(162, '02.02.04....2-KT14', 'KUNCI T', 'TEKIRO', 'BUAH', 4, '', 1, 'BENGKEL CHASIS 1'),
(163, '02.02.04....3-KT14', 'KUNCI T', 'TEKIRO', 'BUAH', 4, '', 1, 'BENGKEL CHASIS 1'),
(164, '02.02.04....4-KT14', 'KUNCI T', 'TEKIRO', 'BUAH', 4, '', 1, 'BENGKEL CHASIS 1'),
(165, '02.02.04....5-KT14', 'KUNCI T', 'TEKIRO', 'BUAH', 4, '', 1, 'BENGKEL CHASIS 1'),
(166, '02.02.04....6-KT14', 'KUNCI T', 'TEKIRO', 'BUAH', 4, '', 1, 'BENGKEL CHASIS 1'),
(167, '02.02.04....7-KT14', 'KUNCI T', 'TEKIRO', 'BUAH', 4, '', 1, 'BENGKEL CHASIS 1'),
(168, '02.02.04....8-KT14', 'KUNCI T', 'TEKIRO', 'BUAH', 4, '', 1, 'BENGKEL CHASIS 1'),
(169, '02.02.04....9-KT14', 'KUNCI T', 'TEKIRO', 'BUAH', 4, '', 1, 'BENGKEL CHASIS 1'),
(170, '02.02.04....10-KT14', 'KUNCI T', 'TEKIRO', 'BUAH', 4, '', 1, 'BENGKEL CHASIS 1'),
(171, '01.03.03.005', 'Compressor', 'Standar', '1 unit', 2, '2019', 1, 'Bengkel TKPI COE'),
(172, '1.3.2.01.03.07.010', 'Mesin Diesel', 'Engine Diesel', '1 unit', 2, '2016', 1, 'Bengkel TKPI 1 (Kelistrikan)'),
(173, '1.3.2.03.01.08.002', 'Peralatan Las Karbit', 'tabung las asetilin/karbit', '1 set', 4, '2016', 1, 'Bengkel TKPI 2 (Kerja Bengkel)'),
(174, '1.3.2.08.08.06.049', 'Out side micrometer', 'Standar', '1 unit', 9, '2020', 1, 'Bengkel TKPI COE'),
(175, '-', 'Out side micrometer', 'Standar', '1 unit', 9, '2020', 1, 'Bengkel TKPI COE'),
(176, '21', 'Caliper', 'Standar', '1 unit', 4, '2016', 1, 'Bengkel TKPI COE'),
(177, '22', 'Caliper', 'Standar', '1 unit', 4, '2016', 1, 'Bengkel TKPI COE'),
(178, '23', 'Caliper', 'Standar', '1 unit', 4, '2016', 1, 'Bengkel TKPI COE'),
(179, '02.06.02.01.01', 'ALMARI KAYU / KATALOG', 'STANDAR', 'UNIT', 41, '2009', 1, 'Baik'),
(180, '24', 'Caliper', 'Standar', '1 unit', 4, '2016', 1, 'Bengkel TKPI COE'),
(181, '25', 'Caliper', 'Standar', '1 unit', 4, '2016', 1, 'Bengkel TKPI COE'),
(182, '02.06.02.01.06a', 'KURSI', 'STANDAR', 'UNIT', 6, '2005', 1, 'Baik'),
(183, '02.06.02.01.07a', 'KURSI', 'STANDAR', 'UNIT', 6, '2005', 1, 'Baik'),
(184, '27', 'Multimeter', 'Standar', '1 unit', 4, '2016', 1, 'Bengkel TKPI COE'),
(185, '28', 'Multimeter', 'Standar', '1 unit', 4, '2016', 1, 'Bengkel TKPI COE'),
(186, '29', 'Multimeter', 'Standar', '1 unit', 4, '2016', 1, 'Bengkel TKPI COE'),
(187, '30', 'Multimeter', 'Standar', '1 unit', 4, '2016', 1, 'Bengkel TKPI COE'),
(188, '31', 'Multimeter', 'Standar', '1 unit', 4, '2016', 1, 'Bengkel TKPI COE'),
(189, '02.06.02.01.08a', 'KURSI', 'STANDAR', 'UNIT', 6, '2005', 1, 'Baik'),
(190, '02.06.02.01.09a', 'KURSI', 'STANDAR', 'UNIT', 6, '2005', 1, 'Baik'),
(191, '02.06.02.01.10a', 'KURSI', 'STANDAR', 'UNIT', 6, '2005', 1, 'Baik'),
(192, '02.06.02.01.11a', 'KURSI', 'STANDAR', 'UNIT', 6, '2005', 1, 'Baik'),
(193, '02.06.02.01.12a', 'KURSI', 'STANDAR', 'UNIT', 6, '2005', 1, 'Baik'),
(194, '02.06.02.01.13a', 'KURSI', 'STANDAR', 'UNIT', 6, '2005', 1, 'Baik'),
(195, '02.06.02.01.14a', 'KURSI', 'STANDAR', 'UNIT', 6, '2005', 1, 'Baik'),
(196, '02.06.02.01.15a', 'KURSI', 'STANDAR', 'UNIT', 6, '2005', 1, 'Baik'),
(197, '02.06.02.01.16a', 'KURSI', 'STANDAR', 'UNIT', 6, '2005', 1, 'Baik'),
(198, '02.06.02.01.17a', 'KURSI', 'STANDAR', 'UNIT', 6, '2005', 1, 'Baik'),
(199, '02.06.02.01.18a', 'KURSI', 'STANDAR', 'UNIT', 6, '2005', 1, 'Baik'),
(200, '02.06.02.01.19a', 'KURSI', 'STANDAR', 'UNIT', 6, '2005', 1, 'Baik'),
(201, '69.1.1', 'Meja Kerja', 'Standar', '1 unit', 6, '2020', 1, 'Bengkel TKPI COE'),
(202, '02.06.02.01.20a', 'KURSI', 'STANDAR', 'UNIT', 6, '2005', 1, 'Baik'),
(203, '02.06.02.01.21a', 'KURSI', 'STANDAR', 'UNIT', 6, '2005', 1, 'Baik'),
(204, '69.2.1', 'Kursi Rapat Futura', 'Futura', '1 unit', 6, '2020', 1, 'Bengkel TKPI COE'),
(205, '02.06.02.01.22a', 'KURSI', 'STANDAR', 'UNIT', 6, '2005', 1, 'Baik'),
(206, '02.06.02.01.23a', 'KURSI', 'STANDAR', 'UNIT', 6, '2005', 1, 'Baik'),
(207, '69.2.2', 'Kursi Rapat Futura', 'Futura', '1 unit', 6, '2020', 1, 'Bengkel TKPI COE'),
(208, '69.2.3', 'Kursi Rapat Futura', 'Futura', '1 unit', 6, '2020', 1, 'Bengkel TKPI COE'),
(209, '02.06.02.01.24a', 'KURSI', 'STANDAR', 'UNIT', 6, '2005', 1, 'Baik'),
(210, '69.2.4', 'Kursi Rapat Futura', 'Futura', '1 unit', 6, '2020', 1, 'Bengkel TKPI COE'),
(211, '02.06.02.01.25a', 'KURSI', 'STANDAR', 'UNIT', 6, '2005', 1, 'Baik'),
(212, '69.2.5', 'Kursi Rapat Futura', 'Futura', '1 unit', 6, '2020', 1, 'Bengkel TKPI COE'),
(213, '02.06.02.01.26a', 'KURSI', 'STANDAR', 'UNIT', 6, '2005', 1, 'Baik'),
(214, '69.2.6', 'Kursi Rapat Futura', 'Futura', '1 unit', 6, '2020', 1, 'Bengkel TKPI COE'),
(215, '02.06.02.01.27a', 'KURSI', 'STANDAR', 'UNIT', 6, '2005', 1, 'Baik'),
(216, '02.06.02.01.28a', 'KURSI', 'STANDAR', 'UNIT', 6, '2005', 1, 'Baik'),
(217, '69.3', 'Komputer', 'Standar', '1 set', 6, '', 1, 'Bengkel TKPI COE'),
(218, '02.06.02.01.29a', 'KURSI', 'STANDAR', 'UNIT', 6, '2005', 1, 'Baik'),
(219, '69.4', 'Speaker aktif', 'Standar', '1 unit', 6, '', 1, 'Bengkel TKPI COE'),
(220, '69.5', 'AC', 'Standar', '1 unit', 6, '', 1, 'Bengkel TKPI COE'),
(221, '69.6.1', 'Lemari Arsip Geser/Sleding kaca', 'Standar', '1 unit', 37, '2020', 1, 'Bengkel TKPI COE'),
(222, '69.7', 'Tempat sampah', 'Standar', '1 unit', 6, '', 1, 'Bengkel TKPI COE'),
(223, '02.06.03.02.01', 'KOMPUTER', 'ACER', 'UNIT', 11, '2014', 1, 'Baik'),
(224, '02.06.03.02.02', 'KOMPUTER', 'ACER', 'UNIT', 11, '2014', 1, 'Baik'),
(225, '02.06.03.02.03', 'KOMPUTER', 'ACER', 'UNIT', 11, '2014', 1, 'Baik'),
(226, '02.06.03.02.04', 'KOMPUTER', 'ACER', 'UNIT', 11, '2014', 1, 'Baik'),
(227, '02.06.03.02.05', 'KOMPUTER', 'ACER', 'UNIT', 11, '2014', 1, 'Baik'),
(228, '02.06.03.02.06', 'KOMPUTER', 'ACER', 'UNIT', 11, '2014', 1, 'Baik'),
(229, '02.06.03.02.07', 'KOMPUTER', 'ACER', 'UNIT', 11, '2014', 1, 'Baik'),
(230, '02.06.03.02.08', 'KOMPUTER', 'ACER', 'UNIT', 11, '2014', 1, 'Baik'),
(231, '02.06.03.02.09', 'KOMPUTER', 'ACER', 'UNIT', 11, '2014', 1, 'Baik'),
(232, '02.06.03.02.10', 'KOMPUTER', 'ACER', 'UNIT', 11, '2014', 1, 'Baik'),
(233, '02.06.03.02.11', 'KOMPUTER', 'VIEW SONIC', 'UNIT', 11, '2014', 1, 'Baik'),
(234, '02.06.03.02.12', 'KOMPUTER', 'VIEW SONIC', 'UNIT', 11, '2014', 1, 'Baik'),
(235, '02.06.03.02.13', 'KOMPUTER', 'LG', 'UNIT', 11, '2014', 1, 'Baik'),
(236, '69.9.1', 'Mikrometer dalam', 'Standar', '1 unit', 4, '', 1, 'Bengkel TKPI COE'),
(237, '69.10', 'Out side micrometer', 'Standar', '1 unit', 4, '', 1, 'Bengkel TKPI COE'),
(238, '02.06.03.05.03', 'PRINTER', 'EPSON L 3110', 'UNIT', 6, '2009', 1, 'Baik'),
(239, '02.06.03.05.04', 'PRINTER', 'CANON IP 2770', 'UNIT', 6, '2009', 1, 'Baik'),
(240, '20', 'Caliper', 'Standar', '1 unit', 4, '2016', 1, 'Bengkel TKPI COE'),
(241, '02.06.01.05.01', 'MEJA RESEPSIONIS', 'KOMBINASI', 'UNIT', 6, '2020', 1, 'Baik'),
(242, '02.06.01.05.02', 'MEJA RESEPSIONIS', 'KOMBINASI', 'UNIT', 6, '2020', 1, 'Baik'),
(243, '02.06.01.05.03', 'MEJA RESEPSIONIS', 'KOMBINASI', 'UNIT', 6, '2020', 1, 'Baik'),
(244, '02.06.01.04.01', 'RAK REFERENSI', 'KOMBINASI', 'UNIT', 36, '2020', 1, 'Baik'),
(245, '02.06.01.04.02', 'RAK BUKU REFERENSI', 'KOMBINASI', 'UNIT', 36, '2020', 1, 'Baik'),
(246, '02.06.01.04.03', 'RAK BUKU REFERENSI', 'KOMBINASI', 'UNIT', 36, '2020', 1, 'Baik'),
(247, '02.06.01.04.04', 'RAK BUKU REFERENSI', 'KOMBINASI', 'UNIT', 36, '2020', 1, 'Baik'),
(248, '02.06.01.04.05', 'RAK BUKU REFERENSI', 'KOMBINASI', 'UNIT', 36, '2020', 1, 'Baik'),
(249, '02.06.01.05.01a', 'TANGGA BANTU', 'KOMBINASI', 'UNIT', 36, '2020', 1, 'Baik'),
(250, '02.06.02.01.04a', 'MEJA BACA BERSEKAT', 'KOMBINASI', 'UNIT', 6, '2020', 1, 'Baik'),
(251, '02.06.02.01.05a', 'MEJA BACA BERSEKAT', 'KOMBINASI', 'UNIT', 6, '2020', 1, 'Baik'),
(252, '02.06.02.01.06a.', 'MEJA BACA BERSEKAT', 'KOMBINASI', 'UNIT', 6, '2020', 1, 'Baik'),
(253, '02.06.02.01.07a.', 'MEJA BACA BERSEKAT', 'KOMBINASI', 'UNIT', 6, '2020', 1, 'Baik'),
(254, '02.06.01.04.07', 'RAK BUKU DUA MUKA', 'KOMBINASI', 'UNIT', 36, '2020', 1, 'Baik'),
(255, '02.06.01.04.08', 'RAK BUKU DUA MUKA', 'KOMBINASI', 'UNIT', 36, '2020', 1, 'Baik'),
(256, '02.06.01.04.09', 'RAK BUKU DUA MUKA', 'KOMBINASI', 'UNIT', 36, '2020', 1, 'Baik'),
(257, '02.06.01.04.10', 'RAK BUKU DUA MUKA', 'KOMBINASI', 'UNIT', 36, '2020', 1, 'Baik'),
(258, '02.06.01.04.11', 'RAK BUKU DUA MUKA', 'KOMBINASI', 'UNIT', 36, '2020', 1, 'Baik'),
(259, '02.06.01.04.12', 'RAK BUKU DUA MUKA', 'KOMBINASI', 'UNIT', 36, '2020', 1, 'Baik'),
(260, '02.06.01.04.04a', 'RAK BUKU UMUM', 'KOMBINASI', 'UNIT', 36, '2020', 1, 'Baik'),
(261, '02.06.01.04.05a', 'RAK BUKU UMUM', 'KOMBINASI', 'UNIT', 36, '2020', 1, 'Baik'),
(262, '02.06.01.04.06a', 'RAK BUKU UMUM', 'KOMBINASI', 'UNIT', 36, '2020', 1, 'Baik'),
(263, '02.06.01.04.07a', 'RAK BUKU UMUM', 'KOMBINASI', 'UNIT', 36, '2020', 1, 'Baik'),
(264, '02.06.01.04.08a', 'RAK BUKU UMUM', 'KOMBINASI', 'UNIT', 36, '2020', 1, 'Baik'),
(265, '02.06.01.04.09a', 'RAK BUKU UMUM', 'KOMBINASI', 'UNIT', 36, '2020', 1, 'Baik'),
(266, '02.06.01.04.10a', 'RAK BUKU UMUM', 'KOMBINASI', 'UNIT', 36, '2020', 1, 'Baik'),
(267, '02.06.01.04.11a', 'RAK BUKU UMUM', 'KOMBINASI', 'UNIT', 36, '2020', 1, 'Baik'),
(268, '02.06.01.04.12a', 'RAK BUKU UMUM', 'KOMBINASI', 'UNIT', 36, '2020', 1, 'Baik'),
(269, '02.06.01.04.13a', 'RAK BUKU UMUM', 'KOMBINASI', 'UNIT', 36, '2020', 1, 'Baik'),
(270, '02.06.01.04.14a', 'RAK BUKU UMUM', 'KOMBINASI', 'UNIT', 36, '2020', 1, 'Baik'),
(271, '02.06.01.04.15a', 'RAK BUKU UMUM', 'KOMBINASI', 'UNIT', 36, '2020', 1, 'Baik'),
(272, '02.06.01.04.16a', 'RAK BUKU UMUM', 'KOMBINASI', 'UNIT', 36, '2020', 1, 'Baik'),
(273, '02.06.01.04.17a', 'RAK BUKU UMUM', 'KOMBINASI', 'UNIT', 36, '2020', 1, 'Baik'),
(274, '02.06.01.04.18a', 'RAK BUKU UMUM', 'KOMBINASI', 'UNIT', 36, '2020', 1, 'Baik'),
(275, '02.06.01.04.19a', 'RAK BUKU UMUM', 'KOMBINASI', 'UNIT', 36, '2020', 1, 'Baik'),
(276, '02.06.01.05.07', 'RAK DISPLAY', 'KOMBINASI', 'UNIT', 36, '2020', 1, 'Baik'),
(277, '02.06.01.05.08a', 'RAK DISPLAY', 'KOMBINASI', 'UNIT', 36, '2020', 1, 'Baik'),
(278, '02.06.01.05.09', 'RAK DISPLAY', 'KOMBINASI', 'UNIT', 36, '2020', 1, 'Baik'),
(279, '02.06.01.05.10', 'RAK DISPLAY', 'KOMBINASI', 'UNIT', 36, '2020', 1, 'Baik'),
(280, '02.06.01.05.40', 'JAM DINDING', 'Standar', 'UNIT', 6, '2005', 1, 'Baik'),
(281, '02.06.02.01.04a.', 'MEJA GURU/KARYAWAN', 'Standar', 'UNIT', 6, '2007', 1, 'Baik'),
(282, '02.06.02.01.05a.', 'MEJA GURU/KARYAWAN', 'Standar', 'UNIT', 6, '2007', 1, 'Baik'),
(283, '02.06.02.01.06a..', 'MEJA GURU/KARYAWAN', 'STANDAR', 'UNIT', 6, '2007', 1, 'Baik'),
(284, '02.06.02.01.06ab', 'KURSI GURU/KARYAWAN', 'Standar', 'UNIT', 6, '2007', 1, 'Baik'),
(285, '02.06.02.01.07ab', 'KURSI GURU/KARYAWAN', 'Standar', 'UNIT', 6, '2020', 1, 'Baik'),
(286, '02.06.02.01.08ab', 'KURSI GURU/KARYAWAN', 'Standar', 'UNIT', 6, '2020', 1, 'Baik'),
(287, '02.06.01.05.040', 'JAM DINDING', 'STANDAR', 'BUAH', 45, '2013', 1, 'BAIK'),
(288, '02.06.01.05.04z', 'MEDIA ANJUNGAN', 'STANDAR', 'UNIT', 9, '2013', 1, 'BAIK'),
(289, '02.06.02.01.06as', 'KURSI', 'STANDAR', 'BUAH', 6, '2006', 1, 'BAIK'),
(290, '02.06.02.01.26ab', 'MEJA KAYU', 'STANDAR', 'BUAH', 6, '2005', 1, 'BAIK'),
(291, '02.06.01.05.00', 'CRONOMETER', 'STANDAR', 'UNIT', 58, '2017', 1, 'BAIK'),
(292, '02.06.01.05.01d', 'ECHO SOUNDER', 'STANDAR', 'UNIT', 58, '2017', 1, 'BAIK'),
(293, '02.06.01.05.02c', 'GPS', 'STANDAR', 'UNIT', 58, '2017', 1, 'BAIK'),
(294, '02.06.01.05.03f', 'KOMPAS BASAH', 'STANDAR', 'UNIT', 58, '2017', 1, 'BAIK'),
(295, '02.06.01.05.04g', 'KOMPAS BASAH', 'STANDAR', 'UNIT', 58, '2017', 1, 'BAIK'),
(296, '02.06.01.05.05q', 'MARINE RADAR', 'STANDAR', 'UNIT', 51, '2017', 1, 'BAIK'),
(297, '02.06.01.05.06', 'SEXTANT', 'STANDAR', 'UNIT', 58, '2017', 1, 'BAIK'),
(298, '02.06.01.05.07x', 'RDF', 'STANDAR', 'UNIT', 14, '2017', 1, 'BAIK'),
(299, '02.06.02.01.26f1', 'Meja kayu', 'standar', 'buah', 6, '2005', 1, 'baik'),
(300, '02.06.02.01.26f2', 'Meja kayu', 'standar', 'buah', 6, '2005', 1, 'baik'),
(301, '02.06.02.01.26f3', 'Meja kayu', 'standar', 'buah', 6, '2005', 1, 'baik'),
(302, '02.06.02.01.26f4', 'Meja kayu', 'standar', 'buah', 6, '2005', 1, 'baik'),
(303, '02.06.02.01.26f5', 'Meja kayu', 'standar', 'buah', 6, '2005', 1, 'baik'),
(304, '02.06.02.01.26f6', 'Meja kayu', 'standar', 'buah', 6, '2005', 1, 'baik'),
(305, '02.06.02.01.26f7', 'Meja kayu', 'standar', 'buah', 6, '2005', 1, 'baik'),
(306, '02.06.02.01.26f8', 'Meja kayu', 'standar', 'buah', 6, '2005', 1, 'baik'),
(307, '02.06.02.01.26f9', 'Meja kayu', 'standar', 'buah', 6, '2005', 1, 'baik'),
(308, '02.06.02.01.26f10', 'Meja kayu', 'standar', 'buah', 6, '2005', 1, 'baik'),
(309, '02.06.02.01.26f11', 'Meja kayu', 'standar', 'buah', 6, '2005', 1, 'baik'),
(310, '02.06.02.01.26f12', 'Meja kayu', 'standar', 'buah', 6, '2005', 1, 'baik'),
(311, '02.06.02.01.26f14', 'Meja kayu', 'standar', 'buah', 6, '2005', 1, 'baik'),
(312, '02.06.02.01.26f15', 'Meja kayu', 'standar', 'buah', 6, '2005', 1, 'baik'),
(313, '02.06.02.01.26f16', 'Meja kayu', 'standar', 'buah', 6, '2005', 1, 'baik'),
(314, '02.06.02.01.26f13', 'Meja kayu', 'standar', 'buah', 6, '2005', 1, 'baik'),
(315, '02.06.02.01.26f17', 'Meja kayu', 'standar', 'buah', 6, '2005', 1, 'baik'),
(316, '02.06.01.05.08c', 'RADIO BAOY', 'STANDAR', 'UNIT', 58, '2017', 1, 'BAIK'),
(317, '02.06.01.05.09s', 'GYRO COMPAS', 'STANDAR', 'UNIT', 58, '2017', 1, 'BAIK'),
(318, '02.06.02.01.06f1', 'kursi', 'standar', 'buah', 6, '2005', 1, 'baik'),
(319, '02.06.02.01.06f2', 'kursi', 'standar', 'buah', 6, '2005', 1, 'baik'),
(320, '02.06.01.05.10a', 'PORTABLE GPS', 'STANDAR', 'UNIT', 58, '2018', 1, 'BAIK'),
(321, '02.06.02.01.06f3', 'kursi', 'standar', 'buah', 6, '2005', 1, 'baik'),
(322, '02.06.02.01.06f4', 'kursi', 'standar', 'buah', 6, '2005', 1, 'baik'),
(323, '02.06.02.01.06f5', 'kursi', 'standar', 'buah', 6, '2005', 1, 'baik'),
(324, '02.06.02.01.06f6', 'kursi', 'standar', 'buah', 6, '2005', 1, 'baik'),
(325, '02.06.02.01.06f7', 'kursi', 'standar', 'buah', 6, '2005', 1, 'baik'),
(326, '02.06.02.01.06f8', 'kursi', 'standar', 'buah', 6, '2005', 1, 'baik'),
(327, '02.06.02.01.06f9', 'kursi', 'standar', 'buah', 6, '2005', 1, 'baik'),
(328, '02.06.02.01.06f10', 'kursi', 'standar', 'buah', 6, '2005', 1, 'baik'),
(329, '02.06.01.05.11', 'FISHFINDER 160 BLUE', 'STANDAR', '2 UNIT', 58, '2018', 1, 'BAIK'),
(330, '02.06.02.01.06f11', 'kursi', 'standar', 'buah', 6, '2005', 1, 'baik'),
(331, '02.06.02.01.06f12', 'kursi', 'standar', 'buah', 6, '2005', 1, 'baik'),
(332, '02.06.02.01.06f13', 'kursi', 'standar', 'buah', 6, '2005', 1, 'baik'),
(333, '02.06.01.05.040.f', 'jam dinding', 'standar', 'buah', 6, '2005', 1, 'baik'),
(334, '02.06.01.05.12', 'TOPDAL', 'STANDAR', 'UNIT', 58, '2018', 1, 'BAIK'),
(335, '02.06.03.02.10.f', 'komputer', 'acer', 'buah', 6, '2014', 1, 'baik'),
(336, '02.06.01.05.08.f', 'papan tulis', 'standar', 'buah', 6, '-', 1, 'baik'),
(337, '02.02.06....2-f1', 'kipas angin', 'standar', 'buah', 6, '-', 1, 'baik'),
(338, '02.06.01.05.09.f', 'lemari', 'standar', 'buah', 6, '-', 1, 'baik'),
(339, '02.06.01.05.09.f2', 'lemari', 'standar', 'buah', 6, '-', 1, 'baik'),
(340, '02.06.01.05.13', 'RADAR', 'STANDAR', 'UNIT', 58, '2018', 1, 'BAIK'),
(341, '02.06.01.05.09.f3', 'lemari', 'standar', 'buah', 6, '-', 1, 'baik'),
(342, '02.06.01.05.09.f4', 'lemari', 'standar', 'buah', 6, '-', 1, 'baik'),
(343, '02.06.01.05.14', 'RADIO MARINE', 'STANDAR', 'UNIT', 58, '2018', 1, 'BAIK'),
(344, '02.06.01.05.15', 'ALAT BARING PENJERA', 'STANDAR', 'UNIT', 58, '2018', 1, 'BAIK'),
(345, '02.06.01.05.16', 'BENDERA ISYARAT', 'STANDAR', '2 BUAH', 58, '2018', 1, 'BAIK'),
(346, '02.06.01.05.17', 'PETA LAUT', 'STANDAR', '2 BUAH', 12, '2018', 1, 'BAIK'),
(347, '02.06.01.05.18', 'ALMANAK NAUTIKA', 'STANDAR', '10 UNIT', 58, '2018', 1, 'BAIK'),
(348, '02.06.01.05.19', 'MISTAR JAJAR', 'STANDAR', '13 BUAH', 58, '2018', 1, 'BAIK'),
(349, '02.06.01.05.20', 'KATALOG PETA LAUT', 'STANDAR', 'BUAH', 58, '2019', 1, 'BAIK'),
(350, '02.06.01.05.21', 'DAFTAR PASUT', 'STANDAR', 'BUAH', 59, '2019', 1, 'BAIK'),
(351, '02.06.01.05.22', 'DAFTAR SUAR', 'STANDAR', 'BUAH', 59, '2019', 1, 'BAIK'),
(352, '02.06.01.05.23', 'MORSE CAHAYA', 'STANDAR', 'BUAH', 15, '2019', 1, 'BAIK'),
(353, '02.06.01.05.24', 'HYGROMETER', 'STANDAR', 'BUAH', 9, '2019', 1, 'BAIK'),
(354, '02.06.01.05.25', 'ANNEMOMETER', 'STANDAR', 'BUAH', 9, '2019', 1, 'BAIK'),
(355, '02.06.01.05.26', 'BAROGRAP', 'STANDAR', 'UNIT', 9, '2019', 1, 'BAIK'),
(356, '02.06.01.05.27', 'BAROMETER ANAROID', 'STANDAR', 'BUAH', 9, '2019', 1, 'BAIK'),
(357, '02.06.02.01.04.01', 'meja', 'standar', 'unit', 6, '2020', 1, 'baik'),
(358, '02.02.04....SH', 'SLIDING HAMMER', 'STANDAR', 'BUAH', 4, '', 1, 'BENGKEL CHASIS 1'),
(359, '02.02.04...CC', 'COIL COMPRESOR SPRING', 'TEKIRO', 'BUAH', 4, '', 1, 'BENGKEL CHASIS 1'),
(370, '69.5.f1', 'ac', 'crystal', 'buah', 6, '2014', 1, 'baik'),
(371, '69.5.f2', 'ac', 'crystal', 'buah', 6, '2014', 1, 'baik'),
(372, 'lcd.tkr', 'LCD', '-', 'buah', 6, '2014', 1, 'baik'),
(373, 'interkom.tkr', 'telfon', '-', 'buah', 6, '2022', 1, 'baik'),
(374, 'pewangi.tkr', 'pewangi otomatis', '-', 'buah', 6, '2022', 1, 'baik'),
(375, '69.6.2', 'Lemari Arsip Geser/Sleding kaca', 'Standar', '1 unit', 37, '2020', 1, 'Bengkel TKPI COE'),
(376, '69.1.2', 'Meja Kerja', 'Standar', '1 unit', 6, '2020', 1, 'Bengkel TKPI COE'),
(377, '69.1.3', 'Meja Kerja', 'Standar', '1 unit', 6, '2020', 1, 'Bengkel TKPI COE'),
(378, '69.1.4', 'Meja Kerja', 'Standar', '1 unit', 6, '2020', 1, 'Bengkel TKPI COE'),
(379, '69.1.5', 'Meja Kerja', 'Standar', '1 unit', 6, '2020', 1, 'Bengkel TKPI COE'),
(380, '69.1.6', 'Meja Kerja', 'Standar', '1 unit', 6, '2020', 1, 'Bengkel TKPI COE'),
(381, '69.C.2.1', 'Loker 12 pintu', 'Standar', '1 unit', 35, '2020', 1, 'Bengkel TKPI COE'),
(382, '69.C.2.2', 'Loker 12 pintu', 'Standar', '1 unit', 35, '2020', 1, 'Bengkel TKPI COE'),
(383, '69.C.3', 'Kursi tunggu 4 baris', 'Standar', '1 unit', 6, '2020', 1, 'Bengkel TKPI COE'),
(384, '69.C.4', 'Caddy tool / Cabinet set', 'Standar', '1 set', 4, '2020', 1, 'Bengkel TKPI COE'),
(385, '69.C.5', 'Handy tool / Mekanik tools', 'Standar', '1 set', 4, '2020', 1, 'Bengkel TKPI COE'),
(386, '69.C.6.1', 'Kursi kuliah brother', 'Standar', '1 unit', 6, '2020', 1, 'Bengkel TKPI COE'),
(387, '69.C.6.2', 'Kursi kuliah brother', 'Standar', '1 unit', 6, '2020', 1, 'Bengkel TKPI COE'),
(388, '69.C.6.3', 'Kursi kuliah brother', 'Standar', '1 unit', 6, '2020', 1, 'Bengkel TKPI COE'),
(389, '69.C.6.4', 'Kursi kuliah brother', 'Standar', '1 unit', 6, '2020', 1, 'Bengkel TKPI COE'),
(390, '69.C.6.5', 'Kursi kuliah brother', 'Standar', '1 unit', 6, '2020', 1, 'Bengkel TKPI COE'),
(391, '69.C.6.6', 'Kursi kuliah brother', 'Standar', '1 unit', 6, '2020', 1, 'Bengkel TKPI COE'),
(392, '69.C.6.7', 'Kursi kuliah brother', 'Standar', '1 unit', 6, '2020', 1, 'Bengkel TKPI COE'),
(393, '69.C.6.8', 'Kursi kuliah brother', 'Standar', '1 unit', 6, '2020', 1, 'Bengkel TKPI COE'),
(394, '69.C.6.9', 'Kursi kuliah brother', 'Standar', '1 unit', 6, '2020', 1, 'Bengkel TKPI COE'),
(395, '69.C.6.10', 'Kursi kuliah brother', 'Standar', '1 unit', 6, '2020', 1, 'Bengkel TKPI COE'),
(396, '69.C.6.11', 'Kursi kuliah brother', 'Standar', '1 unit', 6, '2020', 1, 'Bengkel TKPI COE'),
(397, '69.C.6.12', 'Kursi kuliah brother', 'Standar', '1 unit', 6, '2020', 1, 'Bengkel TKPI COE'),
(398, '69.C.6.13', 'Kursi kuliah brother', 'Standar', '1 unit', 6, '2020', 1, 'Bengkel TKPI COE'),
(399, '69.C.6.14', 'Kursi kuliah brother', 'Standar', '1 unit', 6, '2020', 1, 'Bengkel TKPI COE'),
(400, '69.C.6.15', 'Kursi kuliah brother', 'Standar', '1 unit', 6, '2020', 1, 'Bengkel TKPI COE'),
(401, '69.C.6.16', 'Kursi kuliah brother', 'Standar', '1 unit', 6, '2020', 1, 'Bengkel TKPI COE'),
(402, '69.C.6.17', 'Kursi kuliah brother', 'Standar', '1 unit', 6, '2020', 1, 'Bengkel TKPI COE'),
(403, '69.C.6.18', 'Kursi kuliah brother', 'Standar', '1 unit', 6, '2020', 1, 'Bengkel TKPI COE'),
(404, '69.C.6.19', 'Kursi kuliah brother', 'Standar', '1 unit', 6, '2020', 1, 'Bengkel TKPI COE'),
(405, '69.C.6.20', 'Kursi kuliah brother', 'Standar', '1 unit', 6, '2020', 1, 'Bengkel TKPI COE'),
(406, '69.C.7.1', 'Lemari Arsip Geser', 'Standar', '1 unit', 35, '2020', 1, 'Bengkel TKPI COE'),
(407, '69.C.7.2', 'Lemari Arsip Geser', 'Standar', '1 unit', 6, '2020', 1, 'BAIK'),
(421, '2.2.4.   . 01', 'RADAR WITH AIS', 'ONWA', 'UNIT', 51, '2018', 1, 'BANTUAN PEMERINTAH'),
(422, '2.2.4.   . 02', 'RADAR WITH AIS', 'ONWA', 'UNIT', 51, '2018', 1, 'BANTUAN PEMERINTAH'),
(423, '2.2.4.   . 03', 'RADAR WITH AIS', 'ONWA', 'UNIT', 51, '2018', 1, 'BANTUAN PEMERINTAH'),
(424, '2.2.4.   . 04', 'RADAR WITH AIS', 'ONWA', 'UNIT', 51, '2018', 1, 'BANTUAN PEMERINTAH'),
(425, '2.2.4.   . 05', 'RADAR WITH AIS', 'FURUNO', 'UNIT', 51, '2018', 1, 'BANTUAN PEMERINTAH'),
(426, '2.2.4. 02  . 01', 'RADAR WITH ARPA', 'ONWA', 'UNIT', 51, '2018', 1, 'BANTUAN PEMERINTAH'),
(427, '2.2.7.01.1', 'RADIO VHF', 'ONWA', 'UNIT', 7, '2018', 1, 'BANTUAN PEMERINTAH'),
(428, '2.2.7.01.2', 'RADIO VHF', 'ONWA', 'UNIT', 7, '2018', 1, 'BANTUAN PEMERINTAH'),
(429, '2.2.7.01.3', 'RADIO VHF', 'ONWA', 'UNIT', 7, '2018', 1, 'BANTUAN PEMERINTAH'),
(430, '2.2.7.01.4', 'RADIO VHF', 'ONWA', 'UNIT', 7, '2018', 1, 'BANTUAN PEMERINTAH'),
(431, '2.2.7.02.01', 'RADIO VHF', 'ICOM', 'UNIT', 7, '2017', 1, ''),
(432, '2.2.7.02.02', 'RADIO VHF', 'ICOM', 'UNIT', 7, '2017', 1, ''),
(433, '2.2.7.03.01', 'RADIO DIRECTION FINDER', 'TAIYO', 'UNIT', 7, '2020', 1, ''),
(434, '2.2.7.03.02', 'RADIO DIRECTION FINDER', 'TAIYO', 'UNIT', 7, '2016', 1, ''),
(435, '2.2.12.01', 'ECHOSOUNDER WITH GPS', 'ONWA', 'UNIT', 15, '2018', 1, 'BANTUAN PEMERINTAH'),
(436, '2.2.12.02', 'ECHOSOUNDER WITH GPS', 'ONWA', 'UNIT', 15, '2018', 1, 'BANTUAN PEMERINTAH'),
(437, '02.06.02.04.06.TU.01', 'AC', 'SHARP', 'UNIT', 43, '2016', 1, 'BAIK'),
(438, '02.06.02.04.06.TU.02', 'AC', 'CRYSTAL', 'UNIT', 43, '2016', 1, 'RUSAK'),
(439, '02.06.02.04.06.TU', 'KIPAS ANGIN', 'MIYAKO', 'UNIT', 44, '2015', 1, 'SEDANG'),
(440, '02.06.01.04.03.TU.01', 'RAK KAYU', 'STANDAR', 'UNIT', 36, '2006', 1, 'BAIK'),
(441, '02.06.01.04.04.TU.03', 'FILING BESI', 'BROTHER', 'UNIT', 41, '2007', 1, 'BAIK'),
(442, '02.06.01.04.04.TU.02', 'FILING BESI', 'BROTHER', 'UNIT', 41, '2007', 1, 'BAIK'),
(443, '02.06.01.04.04.TU.01', 'FILING BESI', 'BROTHER', 'UNIT', 41, '2007', 1, 'BAIK'),
(444, '02.06.02.01.01.TU.01', 'LEMARI KAYU', 'STANDAR', 'UNIT', 36, '2006', 1, 'BAIK'),
(445, '02.06.02.01.01.TU.02', 'LEMARI KAYU', 'STANDAR', 'UNIT', 36, '2006', 1, 'BAIK'),
(446, '02.06.02.01.01.TU.03', 'LEMARI KAYU', 'STANDAR', 'UNIT', 36, '2006', 1, 'BAIK'),
(447, '02.06.02.01.01.TU.04', 'LEMARI KAYU', 'STANDAR', 'UNIT', 36, '2006', 1, 'BAIK'),
(448, '02.06.02.01.01.TU.05', 'LEMARI BESI', 'BROTHER', 'UNIT', 35, '2015', 1, 'BAIK'),
(449, '02.06.02.01.01.TU.06', 'LEMARI BESI', 'BROTHER', 'UNIT', 35, '2015', 1, 'BAIK'),
(450, '02.06.02.01.01.TU.07', 'LEMARI BESI', 'BROTHER', 'UNIT', 35, '2015', 1, 'BAIK'),
(451, '02.06.02.01.01.TU.08', 'LEMARI BESI', 'BROTHER', 'UNIT', 35, '2015', 1, 'BAIK'),
(452, '02.06.02.01.04.TU.01', 'MEJA KAYU', 'STANDAR', 'UNIT', 42, '2006', 1, 'BAIK'),
(453, '02.06.02.01.04.TU.02', 'MEJA KAYU', 'STANDAR', 'UNIT', 42, '2006', 1, 'BAIK'),
(454, '02.06.02.01.04.TU.03', 'MEJA KAYU', 'STANDAR', 'UNIT', 42, '2006', 1, 'BAIK'),
(455, '02.06.02.01.04.TU.04', 'MEJA KAYU', 'STANDAR', 'UNIT', 42, '2006', 1, 'BAIK'),
(456, '02.06.02.01.04.TU.05', 'MEJA KAYU', 'STANDAR', 'UNIT', 42, '2006', 1, 'BAIK'),
(457, '02.06.02.01.04.TU.06', 'MEJA KAYU', 'STANDAR', 'UNIT', 42, '2006', 1, 'BAIK'),
(458, '02.06.02.01.04.TU.07', 'MEJA KAYU', 'STANDAR', 'UNIT', 42, '2006', 1, 'BAIK'),
(459, '02.06.02.01.04.TU.08', 'MEJA KAYU', 'STANDAR', 'UNIT', 42, '2006', 1, 'BAIK'),
(460, '02.06.02.01.04.TU.09', 'MEJA KAYU', 'STANDAR', 'UNIT', 42, '2006', 1, 'BAIK'),
(461, '02.06.02.01.04.TU.10', 'MEJA KAYU', 'STANDAR', 'UNIT', 42, '2006', 1, 'BAIK'),
(462, '02.06.02.01.04.TU.11', 'MEJA KAYU', 'STANDAR', 'UNIT', 42, '2006', 1, 'BAIK'),
(463, '02.06.02.01.06.TU.01', 'KURSI PUTAR', 'CHAIRMAN', 'UNIT', 39, '2006', 1, 'BAIK'),
(464, '02.06.02.01.06.TU.02', 'KURSI PUTAR', 'CHAIRMAN', 'UNIT', 39, '2006', 1, 'BAIK'),
(465, '02.06.02.01.06.TU.03', 'KURSI PUTAR', 'CHAIRMAN', 'UNIT', 39, '2006', 1, 'BAIK'),
(466, '02.06.02.01.06.TU.04', 'KURSI PUTAR', 'CHAIRMAN', 'UNIT', 39, '2006', 1, 'BAIK'),
(467, '02.06.02.01.06.TU.05', 'KURSI PUTAR', 'CHAIRMAN', 'UNIT', 39, '2006', 1, 'BAIK'),
(468, '02.06.02.01.06.TU.06', 'KURSI PUTAR', 'CHAIRMAN', 'UNIT', 39, '2006', 1, 'BAIK'),
(469, '02.06.02.01.06.TU.07', 'KURSI PUTAR', 'CHAIRMAN', 'UNIT', 39, '2006', 1, 'BAIK'),
(470, '02.06.02.01.06.TU.08', 'KURSI PUTAR', 'CHAIRMAN', 'UNIT', 39, '2006', 1, 'BAIK'),
(471, '02.06.02.01.06.TU.09', 'KURSI KAYU', 'STANDAR', 'UNIT', 6, '2006', 1, 'BAIK'),
(472, '02.06.02.01.06.TU.10', 'KURSI KAYU', 'STANDAR', 'UNIT', 6, '2006', 1, 'BAIK'),
(473, '02.06.02.01.06.TU.11', 'KURSI KAYU', 'STANDAR', 'UNIT', 6, '2006', 1, 'BAIK'),
(474, '02.06.02.01.06.TU.12', 'KURSI KAYU', 'STANDAR', 'UNIT', 6, '2006', 1, 'BAIK'),
(475, '02.06.02.01.06.TU.13', 'KURSI KAYU', 'STANDAR', 'UNIT', 6, '2006', 1, 'BAIK'),
(476, '02.06.02.01.06.TU.14', 'MEJA KELAS KAYU', 'STANDAR', 'UNIT', 6, '2006', 1, 'BAIK'),
(477, '02.06.02.01.06.TU.15', 'MEJA KELAS KAYU', 'STANDAR', 'UNIT', 6, '2006', 1, 'BAIK'),
(478, '02.06.02.01.06.TU.16', 'MEJA KELAS KAYU', 'STANDAR', 'UNIT', 6, '2006', 1, 'BAIK'),
(479, '02.06.02.01.06.TU.17', 'MEJA KELAS KAYU', 'STANDAR', 'UNIT', 6, '2006', 1, 'BAIK'),
(480, '02.06.02.01.06.TU.18', 'MEJA KELAS KAYU', 'STANDAR', 'UNIT', 6, '2006', 1, 'BAIK'),
(481, '02.06.02.01.06.TU.19', 'MEJA KELAS KAYU', 'STANDAR', 'UNIT', 6, '2006', 1, 'BAIK'),
(482, '02.06.02.01.06.TU.20', 'MEJA KELAS KAYU', 'STANDAR', 'UNIT', 6, '2006', 1, 'BAIK'),
(483, '02.06.02.01.06.TU.21', 'MEJA KELAS KAYU', 'STANDAR', 'UNIT', 6, '2006', 1, 'BAIK'),
(484, '02.06.02.01.06.TU.22', 'MEJA KELAS KAYU', 'STANDAR', 'UNIT', 6, '2006', 1, 'BAIK'),
(485, '02.06.02.01.06.TU.23', 'MEJA KELAS KAYU', 'STANDAR', 'UNIT', 6, '2006', 1, 'BAIK'),
(486, '02.06.02.01.06.TU.24', 'MEJA KELAS KAYU', 'STANDAR', 'UNIT', 6, '2006', 1, 'BAIK'),
(487, '02.06.02.01.06.TU.25', 'MEJA KELAS KAYU', 'STANDAR', 'UNIT', 6, '2006', 1, 'BAIK'),
(488, '02.06.02.01.06.TU.26', 'MEJA KELAS KAYU', 'STANDAR', 'UNIT', 6, '2006', 1, 'BAIK'),
(489, '02.06.02.01.06.TU.27', 'MEJA KELAS KAYU', 'STANDAR', 'UNIT', 6, '2006', 1, 'BAIK'),
(490, '02.06.02.04.01.TU.01', 'KULKAS', 'LG', 'UNIT', 6, '2012', 1, 'BAIK'),
(491, '02.06.02.04.01.TU.02', 'DISPENSER GALON', 'COSMOS', 'UNIT', 6, '2012', 1, 'BAIK'),
(492, '02.06.03.02.01.TU.01', 'KOMPUTER', 'STANDAR', 'UNIT', 55, '2014', 1, 'BAIK'),
(493, '02.06.03.02.01.TU.02', 'KOMPUTER', 'STANDAR', 'UNIT', 55, '2014', 1, 'BAIK'),
(494, '02.06.03.02.01.TU.03', 'KOMPUTER', 'STANDAR', 'UNIT', 55, '2014', 1, 'BAIK'),
(495, '02.06.03.05.03.TU.01', 'PRINTER', 'CANON', 'UNIT', 6, '2009', 1, 'BAIK'),
(496, '02.06.03.05.03.TU.02', 'PRINTER', 'CANON', 'UNIT', 6, '2009', 1, 'BAIK'),
(497, '02.06.03.05.03.TU.03', 'PRINTER', 'CANON', 'UNIT', 6, '2014', 1, 'BAIK'),
(498, '02.06.03.05.03.TU.04', 'PRINTER', 'CANON', 'UNIT', 6, '2014', 1, 'BAIK'),
(499, '02.06.03.02.01.TU.04', 'ROUTER WIFI', 'TP-LINK', 'UNIT', 56, '-', 1, 'BAIK'),
(500, '02.06.01.05.40.TU.01', 'JAM DINDING', 'STANDAR', 'UNIT', 6, '-', 1, 'BAIK'),
(501, '02.06.03.05.02.TU.01', 'TELEPON RUANGAN', 'PANASONIC', 'UNIT', 7, '-', 1, 'BAIK'),
(502, '02.06.02.01.04.LT2.01', 'Meja', 'Standar', 'Unit', 6, '2020', 1, 'Ruang pertemuan'),
(503, '02.06.02.01.04.LT2.02', 'Meja', 'Standar', 'Unit', 6, '2020', 1, 'Ruang pertemuan'),
(504, '02.06.02.01.04.LT2.03', 'Meja', 'Standar', 'Unit', 6, '2020', 1, 'Ruang pertemuan'),
(505, '02.06.02.01.04.LT2.04', 'Meja', 'Standar', 'Unit', 6, '2020', 1, 'Ruang pertemuan'),
(506, '02.06.02.01.04.LT2.05', 'Meja', 'Standar', 'Unit', 6, '2020', 1, 'Ruang pertemuan'),
(507, '02.06.02.01.04.LT2.06', 'Meja', 'Standar', 'Unit', 6, '2020', 1, 'Ruang pertemuan'),
(508, '02.06.02.01.04.LT2.07', 'Meja', 'Standar', 'Unit', 6, '2020', 1, 'Ruang pertemuan'),
(509, '02.06.02.01.04.LT2.08', 'Meja', 'Standar', 'Unit', 6, '2020', 1, 'Ruang pertemuan'),
(510, '02.06.02.01.04.LT2.09', 'Meja', 'Standar', 'Unit', 6, '2020', 1, 'Ruang pertemuan'),
(511, '02.06.02.01.04.LT2.10', 'Meja', 'Standar', 'Unit', 6, '2020', 1, 'Ruang pertemuan'),
(512, '02.06.02.01.04.LT2.11', 'Meja', 'Standar', 'Unit', 6, '2020', 1, 'Ruang pertemuan'),
(513, '02.06.02.01.04.LT2.12', 'Meja', 'Standar', 'Unit', 6, '2020', 1, 'Ruang pertemuan'),
(514, '02.06.02.01.04.LT2.13', 'Meja', 'Standar', 'Unit', 6, '2020', 1, 'Ruang pertemuan'),
(515, '02.06.02.01.04.LT2.14', 'Meja', 'Standar', 'Unit', 6, '2020', 1, 'Ruang pertemuan'),
(516, '02.06.02.01.04.LT2.15', 'Meja', 'Standar', 'Unit', 6, '2020', 1, 'Ruang pertemuan'),
(517, '02.06.02.01.04.LT2.16', 'Meja', 'Standar', 'Unit', 6, '2020', 1, 'Ruang pertemuan'),
(518, '02.06.02.01.04.LT2.17', 'Meja', 'Standar', 'Unit', 6, '2020', 1, 'Ruang pertemuan'),
(519, '02.06.02.01.04.LT2.18', 'Meja', 'Standar', 'Unit', 6, '2020', 1, 'Ruang pertemuan'),
(520, '02.06.02.01.04.LT2.19', 'Meja', 'Standar', 'Unit', 6, '2020', 1, 'Ruang pertemuan'),
(521, '02.06.02.01.04.LT2.20', 'Meja', 'Standar', 'Unit', 6, '2020', 1, 'Ruang pertemuan'),
(522, '02.06.02.01.04.LT2.21', 'Meja', 'Standar', 'Unit', 6, '2020', 1, 'Ruang pertemuan'),
(523, '02.06.02.01.04.LT2.22', 'Meja', 'Standar', 'Unit', 6, '2020', 1, 'Ruang pertemuan'),
(524, '02.06.02.01.04.LT2.23', 'Meja', 'Standar', 'Unit', 6, '2020', 1, 'Ruang pertemuan'),
(525, '02.06.02.01.04.LT2.24', 'Meja', 'Standar', 'Unit', 6, '2020', 1, 'Ruang pertemuan'),
(526, '02.06.02.01.04.LT2.25', 'Meja', 'Standar', 'Unit', 6, '2020', 1, 'Ruang pertemuan'),
(527, '02.06.02.01.04.LT2.26', 'Meja', 'Standar', 'Unit', 6, '2020', 1, 'Ruang pertemuan'),
(528, '02.06.02.01.04.LT2.27', 'Meja', 'Standar', 'Unit', 6, '2020', 1, 'Ruang pertemuan'),
(529, '02.06.02.01.04.LT2.28', 'Meja', 'Standar', 'Unit', 6, '2020', 1, 'Ruang pertemuan'),
(530, '02.06.02.01.04.LT2.29', 'Meja', 'Standar', 'Unit', 6, '2020', 1, 'Ruang pertemuan'),
(531, '02.06.02.01.04.LT2.30', 'Meja', 'Standar', 'Unit', 6, '2020', 1, 'Ruang pertemuan'),
(532, '02.06.02.01.04.LT2.31', 'Meja', 'Standar', 'Unit', 6, '2020', 1, 'Ruang pertemuan'),
(533, '02.06.02.01.04.LT2.32', 'Meja', 'Standar', 'Unit', 6, '2020', 1, 'Ruang pertemuan'),
(534, '02.06.02.01.04.LT2.33', 'Meja', 'Standar', 'Unit', 6, '2020', 1, 'Ruang pertemuan'),
(535, '02.06.02.01.04.LT2.34', 'Meja', 'Standar', 'Unit', 6, '2020', 1, 'Ruang pertemuan'),
(536, '02.06.02.01.04.LT2.35', 'Meja', 'Standar', 'Unit', 6, '2020', 1, 'Ruang pertemuan'),
(537, '02.06.02.01.04.LT2.36', 'Meja', 'Standar', 'Unit', 6, '2020', 1, 'Ruang pertemuan'),
(538, '02.06.02.01.04.LT2.37', 'Meja', 'Standar', 'Unit', 6, '2020', 1, 'Ruang pertemuan'),
(539, '02.06.02.01.04.LT2.38', 'Meja', 'Standar', 'Unit', 6, '2020', 1, 'Ruang pertemuan'),
(540, '02.06.02.01.04.LT2.39', 'Meja', 'Standar', 'Unit', 6, '2020', 1, 'Ruang pertemuan'),
(541, '02.06.02.01.04.LT2.40', 'Meja', 'Standar', 'Unit', 6, '2020', 1, 'Ruang pertemuan'),
(542, '02.06.02.01.04.LT2.41', 'Meja', 'Standar', 'Unit', 6, '2020', 1, 'Ruang pertemuan'),
(543, '02.06.02.01.04.LT2.42', 'Meja', 'Standar', 'Unit', 6, '2020', 1, 'Ruang pertemuan'),
(544, '02.06.02.01.04.LT2.43', 'Meja', 'Standar', 'Unit', 6, '2020', 1, 'Ruang pertemuan'),
(545, '02.06.02.01.04.LT2.44', 'Meja', 'Standar', 'Unit', 6, '2020', 1, 'Ruang pertemuan'),
(546, '02.06.02.01.04.LT2.45', 'Meja', 'Standar', 'Unit', 6, '2020', 1, 'Ruang pertemuan'),
(547, '02.06.02.01.04.LT2.46', 'Meja', 'Standar', 'Unit', 6, '2020', 1, 'Ruang pertemuan'),
(548, '02.06.02.01.04.LT2.47', 'Meja', 'Standar', 'Unit', 6, '2020', 1, 'Ruang pertemuan'),
(549, '02.06.02.01.04.LT2.48', 'Meja', 'Standar', 'Unit', 6, '2020', 1, 'Ruang pertemuan'),
(550, '02.06.02.01.04.LT2.49', 'Meja', 'Standar', 'Unit', 6, '2020', 1, 'Ruang pertemuan'),
(551, '02.06.02.01.04.LT2.50', 'Meja', 'Standar', 'Unit', 6, '2020', 1, 'Ruang pertemuan'),
(552, '02.06.02.01.04.LT2.51', 'Meja', 'Standar', 'Unit', 6, '2020', 1, 'Ruang pertemuan'),
(553, '02.06.02.01.04.LT2.52', 'Meja', 'Standar', 'Unit', 6, '2020', 1, 'Ruang pertemuan'),
(554, '02.06.02.01.04.LT2.53', 'Meja', 'Standar', 'Unit', 6, '2020', 1, 'Ruang pertemuan'),
(555, '02.06.02.01.04.LT2.54', 'Meja', 'Standar', 'Unit', 6, '2020', 1, 'Ruang pertemuan'),
(556, '02.06.02.01.04.LT2.55', 'Meja', 'Standar', 'Unit', 6, '2020', 1, 'Ruang pertemuan'),
(557, '02.06.02.01.04.LT2.56', 'Meja', 'Standar', 'Unit', 6, '2020', 1, 'Ruang pertemuan'),
(558, '02.06.02.01.04.LT2.57', 'Meja', 'Standar', 'Unit', 6, '2020', 1, 'Ruang pertemuan'),
(559, '02.06.02.01.04.LT2.58', 'Meja', 'Standar', 'Unit', 6, '2020', 1, 'Ruang pertemuan'),
(560, '02.06.02.01.04.LT2.59', 'Meja', 'Standar', 'Unit', 6, '2020', 1, 'Ruang pertemuan'),
(561, '02.06.02.01.04.LT2.60', 'Meja', 'Standar', 'Unit', 6, '2020', 1, 'Ruang pertemuan'),
(562, '02.06.02.01.04.LT2.61', 'Meja', 'Standar', 'Unit', 6, '2020', 1, 'Ruang pertemuan'),
(563, '02.06.02.01.04.LT2.62', 'Meja', 'Standar', 'Unit', 6, '2020', 1, 'Ruang pertemuan'),
(564, '02.06.02.01.04.LT2.63', 'Meja', 'Standar', 'Unit', 6, '2020', 1, 'Ruang pertemuan'),
(565, '02.06.02.01.04.LT2.64', 'Meja', 'Standar', 'Unit', 6, '2020', 1, 'Ruang pertemuan'),
(566, '02.06.02.01.04.LT2.65', 'Meja', 'Standar', 'Unit', 6, '2020', 1, 'Ruang pertemuan'),
(567, '02.06.02.01.04.LT2.66', 'Meja', 'Standar', 'Unit', 6, '2020', 1, 'Ruang pertemuan'),
(568, '02.06.02.01.04.LT2.67', 'Meja', 'Standar', 'Unit', 6, '2020', 1, 'Ruang pertemuan'),
(569, '02.06.02.01.04.LT2.68', 'Meja', 'Standar', 'Unit', 6, '2020', 1, 'Ruang pertemuan'),
(570, '02.06.02.01.04.LT2.69', 'Meja', 'Standar', 'Unit', 6, '2020', 1, 'Ruang pertemuan'),
(571, '02.06.02.01.04.LT2.70', 'Meja', 'Standar', 'Unit', 6, '2020', 1, 'Ruang pertemuan'),
(572, '02.06.02.01.04.LT2.71', 'Meja', 'Standar', 'Unit', 6, '2020', 1, 'Ruang pertemuan'),
(573, '02.06.02.01.04.LT2.72', 'Meja', 'Standar', 'Unit', 6, '2020', 1, 'Ruang pertemuan'),
(574, '02.06.02.01.04.LT2.73', 'Meja', 'Standar', 'Unit', 6, '2020', 1, 'Ruang pertemuan'),
(575, '02.06.02.01.04.LT2.74', 'Meja', 'Standar', 'Unit', 6, '2020', 1, 'Ruang pertemuan'),
(576, '02.06.02.01.04.LT2.75', 'Meja', 'Standar', 'Unit', 6, '2020', 1, 'Ruang pertemuan'),
(577, '02.06.02.01.04.LT2.76', 'Meja', 'Standar', 'Unit', 6, '2020', 1, 'Ruang pertemuan'),
(578, '02.06.02.01.04.LT2.01', 'Meja', 'Standar', 'Unit', 42, '2020', 1, 'Ruang pertemuan'),
(579, '02.06.02.01.04.LT2.02', 'Meja', 'Standar', 'Unit', 42, '2020', 1, 'Ruang pertemuan'),
(580, '02.06.02.01.04.LT2.01', 'Kursi', 'Golden', 'Unit', 39, '2020', 1, 'Ruang pertemuan'),
(581, '02.06.02.01.04.LT2.02', 'Kursi', 'Golden', 'Unit', 39, '2020', 1, 'Ruang pertemuan'),
(582, '02.06.02.01.04.LT2.03', 'Kursi', 'Golden', 'Unit', 39, '2020', 1, 'Ruang pertemuan'),
(583, '02.06.02.01.04.LT2.04', 'Kursi', 'Golden', 'Unit', 39, '2020', 1, 'Ruang pertemuan'),
(584, '02.06.02.01.04.LT2.05', 'Kursi', 'Golden', 'Unit', 39, '2020', 1, 'Ruang pertemuan'),
(585, '02.06.02.01.04.LT2.06', 'Kursi', 'Golden', 'Unit', 39, '2020', 1, 'Ruang pertemuan'),
(586, '02.06.02.01.06.LT2.01', 'Kursi', 'Napoly', 'Unit', 6, '2020', 1, 'Ruang pertemuan'),
(587, '02.06.02.01.06.LT2.02', 'Kursi', 'Napoly', 'Unit', 6, '2020', 1, 'Ruang pertemuan'),
(588, '02.06.02.01.06.LT2.03', 'Kursi', 'Napoly', 'Unit', 6, '2020', 1, 'Ruang pertemuan'),
(589, '02.06.02.01.06.LT2.04', 'Kursi', 'Napoly', 'Unit', 6, '2020', 1, 'Ruang pertemuan'),
(590, '02.06.02.01.06.LT2.05', 'Kursi', 'Napoly', 'Unit', 6, '2020', 1, 'Ruang pertemuan'),
(591, '02.06.02.01.06.LT2.06', 'Kursi', 'Napoly', 'Unit', 6, '2020', 1, 'Ruang pertemuan'),
(592, '02.06.02.01.06.LT2.07', 'Kursi', 'Napoly', 'Unit', 6, '2020', 1, 'Ruang pertemuan'),
(593, '02.06.02.01.06.LT2.08', 'Kursi', 'Napoly', 'Unit', 6, '2020', 1, 'Ruang pertemuan'),
(594, '02.06.02.01.06.LT2.09', 'Kursi', 'Napoly', 'Unit', 6, '2020', 1, 'Ruang pertemuan'),
(595, '02.06.02.01.06.LT2.10', 'Kursi', 'Napoly', 'Unit', 6, '2020', 1, 'Ruang pertemuan'),
(596, '02.06.02.01.06.LT2.11', 'Kursi', 'Napoly', 'Unit', 6, '2020', 1, 'Ruang pertemuan'),
(597, '02.06.02.01.06.LT2.12', 'Kursi', 'Napoly', 'Unit', 6, '2020', 1, 'Ruang pertemuan'),
(598, '02.06.02.01.06.LT2.13', 'Kursi', 'Napoly', 'Unit', 6, '2020', 1, 'Ruang pertemuan'),
(599, '02.06.02.01.06.LT2.14', 'Kursi', 'Napoly', 'Unit', 6, '2020', 1, 'Ruang pertemuan'),
(600, '02.06.02.01.06.LT2.15', 'Kursi', 'Napoly', 'Unit', 6, '2020', 1, 'Ruang pertemuan'),
(601, '02.06.02.01.06.LT2.16', 'Kursi', 'Napoly', 'Unit', 6, '2020', 1, 'Ruang pertemuan'),
(602, '02.06.02.01.06.LT2.17', 'Kursi', 'Napoly', 'Unit', 6, '2020', 1, 'Ruang pertemuan'),
(603, '02.06.02.01.06.LT2.18', 'Kursi', 'Napoly', 'Unit', 6, '2020', 1, 'Ruang pertemuan'),
(604, '02.06.02.01.06.LT2.19', 'Kursi', 'Napoly', 'Unit', 6, '2020', 1, 'Ruang pertemuan'),
(605, '02.06.02.01.06.LT2.20', 'Kursi', 'Napoly', 'Unit', 6, '2020', 1, 'Ruang pertemuan'),
(606, '02.06.02.01.06.LT2.21', 'Kursi', 'Napoly', 'Unit', 6, '2020', 1, 'Ruang pertemuan'),
(607, '02.06.02.01.06.LT2.22', 'Kursi', 'Napoly', 'Unit', 6, '2020', 1, 'Ruang pertemuan'),
(608, '02.06.02.01.06.LT2.23', 'Kursi', 'Napoly', 'Unit', 6, '2020', 1, 'Ruang pertemuan'),
(609, '02.06.02.01.06.LT2.24', 'Kursi', 'Napoly', 'Unit', 6, '2020', 1, 'Ruang pertemuan'),
(610, '02.06.02.01.06.LT2.25', 'Kursi', 'Napoly', 'Unit', 6, '2020', 1, 'Ruang pertemuan'),
(611, '02.06.02.01.06.LT2.26', 'Kursi', 'Napoly', 'Unit', 6, '2020', 1, 'Ruang pertemuan'),
(612, '02.06.02.01.06.LT2.27', 'Kursi', 'Napoly', 'Unit', 6, '2020', 1, 'Ruang pertemuan');
INSERT INTO `tb_baranginv` (`id_baranginv`, `kode_inv`, `barang`, `merk`, `satuan`, `id_kategori`, `th_beli`, `id_kondisi`, `keterangan`) VALUES
(613, '02.06.02.01.06.LT2.28', 'Kursi', 'Napoly', 'Unit', 6, '2020', 1, 'Ruang pertemuan'),
(614, '02.06.02.01.06.LT2.29', 'Kursi', 'Napoly', 'Unit', 6, '2020', 1, 'Ruang pertemuan'),
(615, '02.06.02.01.06.LT2.30', 'Kursi', 'Napoly', 'Unit', 6, '2020', 1, 'Ruang pertemuan'),
(616, '02.06.02.01.06.LT2.31', 'Kursi', 'Napoly', 'Unit', 6, '2020', 1, 'Ruang pertemuan'),
(617, '02.06.02.01.06.LT2.32', 'Kursi', 'Napoly', 'Unit', 6, '2020', 1, 'Ruang pertemuan'),
(618, '02.06.02.01.06.LT2.33', 'Kursi', 'Napoly', 'Unit', 6, '2020', 1, 'Ruang pertemuan'),
(619, '02.06.02.01.06.LT2.34', 'Kursi', 'Napoly', 'Unit', 6, '2020', 1, 'Ruang pertemuan'),
(620, '02.06.02.01.06.LT2.35', 'Kursi', 'Napoly', 'Unit', 6, '2020', 1, 'Ruang pertemuan'),
(621, '02.06.02.01.06.LT2.36', 'Kursi', 'Napoly', 'Unit', 6, '2020', 1, 'Ruang pertemuan'),
(622, '02.06.02.01.06.LT2.37', 'Kursi', 'Napoly', 'Unit', 6, '2020', 1, 'Ruang pertemuan'),
(623, '02.06.02.01.06.LT2.38', 'Kursi', 'Napoly', 'Unit', 6, '2020', 1, 'Ruang pertemuan'),
(624, '02.06.02.01.06.LT2.39', 'Kursi', 'Napoly', 'Unit', 6, '2020', 1, 'Ruang pertemuan'),
(625, '02.06.02.01.06.LT2.40', 'Kursi', 'Napoly', 'Unit', 6, '2020', 1, 'Ruang pertemuan'),
(626, '02.06.02.01.06.LT2.41', 'Kursi', 'Napoly', 'Unit', 6, '2020', 1, 'Ruang pertemuan'),
(627, '02.06.02.01.06.LT2.42', 'Kursi', 'Napoly', 'Unit', 6, '2020', 1, 'Ruang pertemuan'),
(628, '02.06.02.01.06.LT2.43', 'Kursi', 'Napoly', 'Unit', 6, '2020', 1, 'Ruang pertemuan'),
(629, '02.06.02.01.06.LT2.44', 'Kursi', 'Napoly', 'Unit', 6, '2020', 1, 'Ruang pertemuan'),
(630, '02.06.02.01.06.LT2.45', 'Kursi', 'Napoly', 'Unit', 6, '2020', 1, 'Ruang pertemuan'),
(631, '02.06.02.01.06.LT2.46', 'Kursi', 'Napoly', 'Unit', 6, '2020', 1, 'Ruang pertemuan'),
(632, '02.06.02.01.06.LT2.47', 'Kursi', 'Napoly', 'Unit', 6, '2020', 1, 'Ruang pertemuan'),
(633, '02.06.02.01.06.LT2.48', 'Kursi', 'Napoly', 'Unit', 6, '2020', 1, 'Ruang pertemuan'),
(634, '02.06.02.01.06.LT2.49', 'Kursi', 'Napoly', 'Unit', 6, '2020', 1, 'Ruang pertemuan'),
(635, '02.06.02.01.06.LT2.50', 'Kursi', 'Napoly', 'Unit', 6, '2020', 1, 'Ruang pertemuan'),
(636, '02.06.02.01.06.LT2.51', 'Kursi', 'Napoly', 'Unit', 6, '2020', 1, 'Ruang pertemuan'),
(637, '02.06.02.01.06.LT2.52', 'Kursi', 'Napoly', 'Unit', 6, '2020', 1, 'Ruang pertemuan'),
(638, '02.06.02.01.06.LT2.53', 'Kursi', 'Napoly', 'Unit', 6, '2020', 1, 'Ruang pertemuan'),
(639, '02.06.02.01.06.LT2.54', 'Kursi', 'Napoly', 'Unit', 6, '2020', 1, 'Ruang pertemuan'),
(640, '02.06.02.01.06.LT2.55', 'Kursi', 'Napoly', 'Unit', 6, '2020', 1, 'Ruang pertemuan'),
(641, '02.06.02.01.06.LT2.56', 'Kursi', 'Napoly', 'Unit', 6, '2020', 1, 'Ruang pertemuan'),
(642, '02.06.02.01.06.LT2.57', 'Kursi', 'Napoly', 'Unit', 6, '2020', 1, 'Ruang pertemuan'),
(643, '02.06.02.01.06.LT2.58', 'Kursi', 'Napoly', 'Unit', 6, '2020', 1, 'Ruang pertemuan'),
(644, '02.06.02.01.06.LT2.59', 'Kursi', 'Napoly', 'Unit', 6, '2020', 1, 'Ruang pertemuan'),
(645, '02.06.02.01.06.LT2.60', 'Kursi', 'Napoly', 'Unit', 6, '2020', 1, 'Ruang pertemuan'),
(646, '02.06.02.01.06.LT2.61', 'Kursi', 'Napoly', 'Unit', 6, '2020', 1, 'Ruang pertemuan'),
(647, '02.06.02.01.06.LT2.62', 'Kursi', 'Napoly', 'Unit', 6, '2020', 1, 'Ruang pertemuan'),
(648, '02.06.02.01.06.LT2.63', 'Kursi', 'Napoly', 'Unit', 6, '2020', 1, 'Ruang pertemuan'),
(649, '02.06.02.01.06.LT2.64', 'Kursi', 'Napoly', 'Unit', 6, '2020', 1, 'Ruang pertemuan'),
(650, '02.06.02.01.06.LT2.65', 'Kursi', 'Napoly', 'Unit', 6, '2020', 1, 'Ruang pertemuan'),
(651, '02.06.02.01.06.LT2.66', 'Kursi', 'Napoly', 'Unit', 6, '2020', 1, 'Ruang pertemuan'),
(652, '02.06.02.01.06.LT2.67', 'Kursi', 'Napoly', 'Unit', 6, '2020', 1, 'Ruang pertemuan'),
(653, '02.06.02.01.06.LT2.68', 'Kursi', 'Napoly', 'Unit', 6, '2020', 1, 'Ruang pertemuan'),
(654, '02.06.02.01.06.LT2.69', 'Kursi', 'Napoly', 'Unit', 6, '2020', 1, 'Ruang pertemuan'),
(655, '02.06.02.01.06.LT2.70', 'Kursi', 'Napoly', 'Unit', 6, '2020', 1, 'Ruang pertemuan'),
(656, '02.06.02.01.06.LT2.71', 'Kursi', 'Napoly', 'Unit', 6, '2020', 1, 'Ruang pertemuan'),
(657, '02.06.02.01.06.LT2.72', 'Kursi', 'Napoly', 'Unit', 6, '2020', 1, 'Ruang pertemuan'),
(658, '02.06.02.01.06.LT2.73', 'Kursi', 'Napoly', 'Unit', 6, '2020', 1, 'Ruang pertemuan'),
(659, '02.06.02.01.06.LT2.74', 'Kursi', 'Napoly', 'Unit', 6, '2020', 1, 'Ruang pertemuan'),
(660, '02.06.02.01.06.LT2.75', 'Kursi', 'Napoly', 'Unit', 6, '2020', 1, 'Ruang pertemuan'),
(661, '02.06.02.01.06.LT2.76', 'Kursi', 'Napoly', 'Unit', 6, '2020', 1, 'Ruang pertemuan'),
(662, '02.06.02.01.06.LTCD2.01', 'LCD Proyektor', 'Polytron', 'Unit', 38, '2020', 1, 'Ruang pertemuan'),
(663, '02.06.02.01.06.LT2C.01', 'AC', 'Polytron', 'Unit', 43, '2021', 1, 'Ruang pertemuan'),
(664, '02.06.02.01.06.LT2C.02', 'AC', 'Polytron', 'Unit', 43, '2021', 1, 'Ruang pertemuan'),
(665, '02.06.02.01.06.LT2C.03', 'AC', 'Polytron', 'Unit', 43, '2021', 1, 'Ruang pertemuan'),
(666, '02.06.02.01.06.LTJ2.01', 'Jam dinding', 'Quartz', 'Unit', 6, '2021', 1, 'Ruang pertemuan'),
(667, '02.06.02.01.06.LTG2.01', 'Lambang garuda', 'standar', 'Unit', 6, '2021', 1, 'Ruang pertemuan'),
(668, '02.06.02.01.06.LTP2.01', 'Gambar Presiden', 'standar', 'Unit', 6, '2021', 1, 'Ruang pertemuan'),
(669, '02.06.02.01.06.LTWP2.01', 'Gambar Wakil Presiden', 'standar', 'Unit', 6, '2021', 1, 'Ruang pertemuan'),
(670, '02.06.02.01.04.SATM.01', 'Meja', 'standar', 'Unit', 6, '2016', 1, 'Ruang Satpam'),
(671, '02.06.02.01.06.SATK.01', 'Kursi', 'standar', 'Unit', 6, '2016', 1, 'Ruang Satpam'),
(672, '02.06.02.01.06.SATJ.01', 'Jam dinding', 'Quartz', 'Unit', 6, '2016', 1, 'Ruang Satpam'),
(673, '02.06.02.01.04.DPM.01', 'Meja', 'standar', 'Unit', 6, '2016', 1, 'Ruang Dapur'),
(674, '02.06.02.01.04.DPK.01', 'Kursi', 'standar', 'Unit', 6, '2016', 1, 'Ruang Dapur'),
(675, '02.06.02.01.04.DPK.02', 'Kursi', 'standar', 'Unit', 6, '2016', 1, 'Ruang Dapur'),
(676, '02.06.02.01.04.DPG.01', 'Gelas', 'standar', 'Unit', 6, '2016', 1, 'Ruang Dapur'),
(677, '02.06.02.01.04.DPG.02', 'Gelas', 'standar', 'Unit', 6, '2016', 1, 'Ruang Dapur'),
(678, '02.06.02.01.04.DPG.03', 'Gelas', 'standar', 'Unit', 6, '2016', 1, 'Ruang Dapur'),
(679, '02.06.02.01.04.DPG.04', 'Gelas', 'standar', 'Unit', 6, '2016', 1, 'Ruang Dapur'),
(680, '02.06.02.01.04.DPG.05', 'Gelas', 'standar', 'Unit', 6, '2016', 1, 'Ruang Dapur'),
(681, '02.06.02.01.04.DPG.06', 'Gelas', 'standar', 'Unit', 6, '2016', 1, 'Ruang Dapur'),
(682, '02.06.02.01.04.DPG.07', 'Gelas', 'standar', 'Unit', 6, '2016', 1, 'Ruang Dapur'),
(683, '02.06.02.01.04.DPG.08', 'Gelas', 'standar', 'Unit', 6, '2016', 1, 'Ruang Dapur'),
(684, '02.06.02.01.04.DPG.09', 'Gelas', 'standar', 'Unit', 6, '2016', 1, 'Ruang Dapur'),
(685, '02.06.02.01.04.DPG.10', 'Gelas', 'standar', 'Unit', 6, '2016', 1, 'Ruang Dapur'),
(686, '02.06.02.01.04.DPG.11', 'Gelas', 'standar', 'Unit', 6, '2016', 1, 'Ruang Dapur'),
(687, '02.06.02.01.04.DPG.12', 'Gelas', 'standar', 'Unit', 6, '2016', 1, 'Ruang Dapur'),
(688, '02.06.02.01.04.DPG.13', 'Gelas', 'standar', 'Unit', 6, '2016', 1, 'Ruang Dapur'),
(689, '02.06.02.01.04.DPG.14', 'Gelas', 'standar', 'Unit', 6, '2016', 1, 'Ruang Dapur'),
(690, '02.06.02.01.04.DPG.15', 'Gelas', 'standar', 'Unit', 6, '2016', 1, 'Ruang Dapur'),
(691, '02.06.02.01.04.DPG.16', 'Gelas', 'standar', 'Unit', 6, '2016', 1, 'Ruang Dapur'),
(692, '02.06.02.01.04.DPG.17', 'Gelas', 'standar', 'Unit', 6, '2016', 1, 'Ruang Dapur'),
(693, '02.06.02.01.04.DPG.18', 'Gelas', 'standar', 'Unit', 6, '2016', 1, 'Ruang Dapur'),
(694, '02.06.02.01.04.DPG.19', 'Gelas', 'standar', 'Unit', 6, '2016', 1, 'Ruang Dapur'),
(695, '02.06.02.01.04.DPG.20', 'Gelas', 'standar', 'Unit', 6, '2016', 1, 'Ruang Dapur'),
(696, '02.06.02.01.04.DPG.21', 'Gelas', 'standar', 'Unit', 6, '2016', 1, 'Ruang Dapur'),
(697, '02.06.02.01.04.DPG.22', 'Gelas', 'standar', 'Unit', 6, '2016', 1, 'Ruang Dapur'),
(698, '02.06.02.01.04.DPG.23', 'Gelas', 'standar', 'Unit', 6, '2016', 1, 'Ruang Dapur'),
(699, '02.06.02.01.04.DPG.24', 'Gelas', 'standar', 'Unit', 6, '2016', 1, 'Ruang Dapur'),
(700, '02.06.02.01.04.DPG.25', 'Gelas', 'standar', 'Unit', 6, '2016', 1, 'Ruang Dapur'),
(701, '02.06.02.01.04.DPG.26', 'Gelas', 'standar', 'Unit', 6, '2016', 1, 'Ruang Dapur'),
(702, '02.06.02.01.04.DPG.27', 'Gelas', 'standar', 'Unit', 6, '2016', 1, 'Ruang Dapur'),
(703, '02.06.02.01.04.DPG.28', 'Gelas', 'standar', 'Unit', 6, '2016', 1, 'Ruang Dapur'),
(704, '02.06.02.01.04.DPG.29', 'Gelas', 'standar', 'Unit', 6, '2016', 1, 'Ruang Dapur'),
(705, '02.06.02.01.04.DPG.30', 'Gelas', 'standar', 'Unit', 6, '2016', 1, 'Ruang Dapur'),
(706, '02.06.02.01.04.DPG.31', 'Gelas', 'standar', 'Unit', 6, '2016', 1, 'Ruang Dapur'),
(707, '02.06.02.01.04.DPG.32', 'Gelas', 'standar', 'Unit', 6, '2016', 1, 'Ruang Dapur'),
(708, '02.06.02.01.04.DPG.33', 'Gelas', 'standar', 'Unit', 6, '2016', 1, 'Ruang Dapur'),
(709, '02.06.02.01.04.DPG.34', 'Gelas', 'standar', 'Unit', 6, '2016', 1, 'Ruang Dapur'),
(710, '02.06.02.01.04.DPG.35', 'Gelas', 'standar', 'Unit', 6, '2016', 1, 'Ruang Dapur'),
(711, '02.06.02.01.04.DPG.36', 'Gelas', 'standar', 'Unit', 6, '2016', 1, 'Ruang Dapur'),
(712, '02.06.02.01.04.DPG.37', 'Gelas', 'standar', 'Unit', 6, '2016', 1, 'Ruang Dapur'),
(713, '02.06.02.01.04.DPG.38', 'Gelas', 'standar', 'Unit', 6, '2016', 1, 'Ruang Dapur'),
(714, '02.06.02.01.04.DPG.39', 'Gelas', 'standar', 'Unit', 6, '2016', 1, 'Ruang Dapur'),
(715, '02.06.02.01.04.DPG.40', 'Gelas', 'standar', 'Unit', 6, '2016', 1, 'Ruang Dapur'),
(716, '02.06.02.01.04.DPG.41', 'Gelas', 'standar', 'Unit', 6, '2016', 1, 'Ruang Dapur'),
(717, '02.06.02.01.04.DPG.42', 'Gelas', 'standar', 'Unit', 6, '2016', 1, 'Ruang Dapur'),
(718, '02.06.02.01.04.DPG.43', 'Gelas', 'standar', 'Unit', 6, '2016', 1, 'Ruang Dapur'),
(719, '02.06.02.01.04.DPG.44', 'Gelas', 'standar', 'Unit', 6, '2016', 1, 'Ruang Dapur'),
(720, '02.06.02.01.04.DPG.45', 'Gelas', 'standar', 'Unit', 6, '2016', 1, 'Ruang Dapur'),
(721, '02.06.02.01.04.DPG.46', 'Gelas', 'standar', 'Unit', 6, '2016', 1, 'Ruang Dapur'),
(722, '02.06.02.01.04.DPG.47', 'Gelas', 'standar', 'Unit', 6, '2016', 1, 'Ruang Dapur'),
(723, '02.06.02.01.04.DPG.48', 'Gelas', 'standar', 'Unit', 6, '2016', 1, 'Ruang Dapur'),
(724, '02.06.02.01.04.DPG.49', 'Gelas', 'standar', 'Unit', 6, '2016', 1, 'Ruang Dapur'),
(725, '02.06.02.01.04.DPG.50', 'Gelas', 'standar', 'Unit', 6, '2016', 1, 'Ruang Dapur'),
(726, '02.06.02.01.04.DPG.51', 'Gelas', 'standar', 'Unit', 6, '2016', 1, 'Ruang Dapur'),
(727, '02.06.02.01.04.DPG.52', 'Gelas', 'standar', 'Unit', 6, '2016', 1, 'Ruang Dapur'),
(728, '02.06.02.01.04.DPG.53', 'Gelas', 'standar', 'Unit', 6, '2016', 1, 'Ruang Dapur'),
(729, '02.06.02.01.04.DPG.54', 'Gelas', 'standar', 'Unit', 6, '2016', 1, 'Ruang Dapur'),
(730, '02.06.02.01.04.DPG.55', 'Gelas', 'standar', 'Unit', 6, '2016', 1, 'Ruang Dapur'),
(731, '02.06.02.01.04.DPG.56', 'Gelas', 'standar', 'Unit', 6, '2016', 1, 'Ruang Dapur'),
(732, '02.06.02.01.04.DPG.57', 'Gelas', 'standar', 'Unit', 6, '2016', 1, 'Ruang Dapur'),
(733, '02.06.02.01.04.DPG.58', 'Gelas', 'standar', 'Unit', 6, '2016', 1, 'Ruang Dapur'),
(734, '02.06.02.01.04.DPG.59', 'Gelas', 'standar', 'Unit', 6, '2016', 1, 'Ruang Dapur'),
(735, '02.06.02.01.04.DPG.60', 'Gelas', 'standar', 'Unit', 6, '2016', 1, 'Ruang Dapur'),
(736, '02.06.02.01.04.DPG.61', 'Gelas', 'standar', 'Unit', 6, '2016', 1, 'Ruang Dapur'),
(737, '02.06.02.01.04.DPG.62', 'Gelas', 'standar', 'Unit', 6, '2016', 1, 'Ruang Dapur'),
(738, '02.06.02.01.04.DPG.63', 'Gelas', 'standar', 'Unit', 6, '2016', 1, 'Ruang Dapur'),
(739, '02.06.02.01.04.DPG.64', 'Gelas', 'standar', 'Unit', 6, '2016', 1, 'Ruang Dapur'),
(740, '02.06.02.01.04.DPG.65', 'Gelas', 'standar', 'Unit', 6, '2016', 1, 'Ruang Dapur'),
(741, '02.06.02.01.04.DPG.66', 'Gelas', 'standar', 'Unit', 6, '2016', 1, 'Ruang Dapur'),
(742, '02.06.02.01.04.DPG.67', 'Gelas', 'standar', 'Unit', 6, '2016', 1, 'Ruang Dapur'),
(743, '02.06.02.01.04.DPG.68', 'Gelas', 'standar', 'Unit', 6, '2016', 1, 'Ruang Dapur'),
(744, '02.06.02.01.04.DPG.69', 'Gelas', 'standar', 'Unit', 6, '2016', 1, 'Ruang Dapur'),
(745, '02.06.02.01.04.DPG.70', 'Gelas', 'standar', 'Unit', 6, '2016', 1, 'Ruang Dapur'),
(746, '02.06.02.01.04.DPG.71', 'Gelas', 'standar', 'Unit', 6, '2016', 1, 'Ruang Dapur'),
(747, '02.06.02.01.04.DPG.72', 'Gelas', 'standar', 'Unit', 6, '2016', 1, 'Ruang Dapur'),
(748, '02.06.02.01.04.DPG.73', 'Gelas', 'standar', 'Unit', 6, '2016', 1, 'Ruang Dapur'),
(749, '02.06.02.01.04.DPG.74', 'Gelas', 'standar', 'Unit', 6, '2016', 1, 'Ruang Dapur'),
(750, '02.06.02.01.04.DPG.75', 'Gelas', 'standar', 'Unit', 6, '2016', 1, 'Ruang Dapur'),
(751, '02.06.02.01.04.DPG.76', 'Gelas', 'standar', 'Unit', 6, '2016', 1, 'Ruang Dapur'),
(752, '02.06.02.01.04.DPG.77', 'Gelas', 'standar', 'Unit', 6, '2016', 1, 'Ruang Dapur'),
(753, '02.06.02.01.04.DPG.78', 'Gelas', 'standar', 'Unit', 6, '2016', 1, 'Ruang Dapur'),
(754, '02.06.02.01.04.DPG.79', 'Gelas', 'standar', 'Unit', 6, '2016', 1, 'Ruang Dapur'),
(755, '02.06.02.01.04.DPG.80', 'Gelas', 'standar', 'Unit', 6, '2016', 1, 'Ruang Dapur'),
(756, '02.06.02.01.04.DPG.81', 'Gelas', 'standar', 'Unit', 6, '2016', 1, 'Ruang Dapur'),
(757, '02.06.02.01.04.DPG.82', 'Gelas', 'standar', 'Unit', 6, '2016', 1, 'Ruang Dapur'),
(758, '02.06.02.01.04.DPG.83', 'Gelas', 'standar', 'Unit', 6, '2016', 1, 'Ruang Dapur'),
(759, '02.06.02.01.04.DPG.84', 'Gelas', 'standar', 'Unit', 6, '2016', 1, 'Ruang Dapur'),
(760, '02.06.02.01.04.DPG.85', 'Gelas', 'standar', 'Unit', 6, '2016', 1, 'Ruang Dapur'),
(761, '02.06.02.01.04.DPG.86', 'Gelas', 'standar', 'Unit', 6, '2016', 1, 'Ruang Dapur'),
(762, '02.06.02.01.04.DPG.87', 'Gelas', 'standar', 'Unit', 6, '2016', 1, 'Ruang Dapur'),
(763, '02.06.02.01.04.DPG.88', 'Gelas', 'standar', 'Unit', 6, '2016', 1, 'Ruang Dapur'),
(764, '02.06.02.01.04.DPG.89', 'Gelas', 'standar', 'Unit', 6, '2016', 1, 'Ruang Dapur'),
(765, '02.06.02.01.04.DPG.90', 'Gelas', 'standar', 'Unit', 6, '2016', 1, 'Ruang Dapur'),
(766, '02.06.02.01.04.DPG.91', 'Gelas', 'standar', 'Unit', 6, '2016', 1, 'Ruang Dapur'),
(767, '02.06.02.01.04.DPG.92', 'Gelas', 'standar', 'Unit', 6, '2016', 1, 'Ruang Dapur'),
(768, '02.06.02.01.04.DPG.93', 'Gelas', 'standar', 'Unit', 6, '2016', 1, 'Ruang Dapur'),
(769, '02.06.02.01.04.DPG.94', 'Gelas', 'standar', 'Unit', 6, '2016', 1, 'Ruang Dapur'),
(770, '02.06.02.01.04.DPG.95', 'Gelas', 'standar', 'Unit', 6, '2016', 1, 'Ruang Dapur'),
(771, '02.06.02.01.04.DPG.96', 'Gelas', 'standar', 'Unit', 6, '2016', 1, 'Ruang Dapur'),
(772, '02.06.02.01.04.DPG.97', 'Gelas', 'standar', 'Unit', 6, '2016', 1, 'Ruang Dapur'),
(773, '02.06.02.01.04.DPG.98', 'Gelas', 'standar', 'Unit', 6, '2016', 1, 'Ruang Dapur'),
(774, '02.06.02.01.04.DPG.99', 'Gelas', 'standar', 'Unit', 6, '2016', 1, 'Ruang Dapur'),
(775, '02.06.02.01.04.DPG.100', 'Gelas', 'standar', 'Unit', 6, '2016', 1, 'Ruang Dapur'),
(776, '02.06.02.01.04.DPK.01', 'Kompor Gas', 'Maspion', 'Unit', 6, '2016', 1, 'Ruang Dapur'),
(777, '02.06.02.01.04.DPT.01', 'Tabung Gas Elpiji', 'Elp[iji', 'Unit', 6, '2016', 1, 'Ruang Dapur'),
(778, '02.06.02.01.04.DPP.01', 'Panci', 'standar', 'Unit', 6, '2016', 1, 'Ruang Dapur'),
(779, '02.06.02.01.04.DPS.01', 'Sendok', 'standar', 'Unit', 6, '2016', 1, 'Ruang Dapur'),
(780, '02.06.02.01.04.DPS.02', 'Sendok', 'standar', 'Unit', 6, '2016', 1, 'Ruang Dapur'),
(781, '02.06.02.01.04.DPS.03', 'Sendok', 'standar', 'Unit', 6, '2016', 1, 'Ruang Dapur'),
(782, '02.06.02.01.04.DPS.04', 'Sendok', 'standar', 'Unit', 6, '2016', 1, 'Ruang Dapur'),
(783, '02.06.02.01.04.DPS.05', 'Sendok', 'standar', 'Unit', 6, '2016', 1, 'Ruang Dapur'),
(784, '02.06.02.01.04.DPS.06', 'Sendok', 'standar', 'Unit', 6, '2016', 1, 'Ruang Dapur'),
(785, '02.06.02.01.04.DPS.07', 'Sendok', 'standar', 'Unit', 6, '2016', 1, 'Ruang Dapur'),
(1154, '02.06.02.01.04.AS.PR', 'Meja ', 'STANDAR', 'UNIT', 6, '2005', 1, 'BAIK'),
(1155, '02.06.02.01.04.AS.PR.01', 'Kursi ', 'STANDAR', 'UNIT', 6, '2005', 1, 'BAIK'),
(1156, '02.06.02.01.04.AS.PR.02', 'Kursi ', 'STANDAR', 'UNIT', 6, '2005', 1, 'BAIK'),
(1157, '02.06.02.01.04.AS.PR.03', 'Kursi ', 'STANDAR', 'UNIT', 6, '2005', 1, 'BAIK'),
(1158, '02.06.01.05.40 .AS.PR1', 'Jam dinding', 'QUARTZ', 'UNIT', 6, '2005', 1, 'BAIK'),
(1159, '02.06.01.05.40 .AS.PR2', 'Papan informasi', 'STANDAR', 'UNIT', 6, '2007', 1, 'BAIK '),
(1160, '02.06.02.01.04.STF.MJ1', 'Meja ', 'STANDAR', 'UNIT', 6, '2005', 1, 'BAIK'),
(1161, '02.06.02.01.04.STF.MJ2', 'Meja ', 'STANDAR', 'UNIT', 6, '2006', 1, 'BAIK'),
(1162, '02.06.02.01.04.STF.MJ3', 'Meja ', 'STANDAR', 'UNIT', 6, '2007', 1, 'BAIK'),
(1163, '02.06.02.01.04.STF01', 'Kursi ', 'STANDAR', 'UNIT', 6, '2005', 1, 'BAIK '),
(1164, '02.06.02.01.04.STF02', 'Kursi ', 'STANDAR', 'UNIT', 6, '2005', 1, 'BAIK'),
(1165, '02.06.02.01.04.STF03', 'Kursi ', 'STANDAR', 'UNIT', 6, '2005', 1, 'BAIK '),
(1166, '02.06.02.01.04.STF04', 'Kursi ', 'STANDAR', 'UNIT', 6, '2005', 1, 'BAIK'),
(1167, '02.06.02.01.04.STF.LK1', 'LEMARI KAYU ', 'STANDAR', 'UNIT', 36, '2005', 1, 'BAIK '),
(1168, '02.06.02.01.04.STF.LK2', 'LEMARI KAYU ', 'STANDAR', 'UNIT', 36, '2005', 1, 'BAIK '),
(1169, '02.06.02.01.04.STF.LB', 'LEMARI BESI', 'BROTHER ', 'UNIT', 35, '2005', 1, 'BAIK '),
(1170, '02.06.01.05.40 .AS.STF1', 'Jam dinding', 'STANDAR', 'UNIT', 6, '2005', 1, 'BAIK '),
(1171, '02.06.01.05.40 .AS.STF2', 'Papan informasi', 'STANDAR', 'UNIT', 6, '2007', 1, 'BAIK '),
(1172, '02.06.02.01.06.AS.WK3.K1', 'KURSI ', 'STANDAR', 'UNIT', 6, '2016', 1, 'BAIK'),
(1173, '02.06.02.01.06.AS.WK3.K2', 'KURSI ', 'STANDAR', 'UNIT', 6, '2016', 1, 'BAIK'),
(1174, '02.06.02.01.06.AS.WK3.K3', 'KURSI ', 'STANDAR', 'UNIT', 6, '2016', 1, 'BAIK'),
(1175, '02.06.02.01.06.AS.WK3.K4', 'KURSI ', 'STANDAR', 'UNIT', 6, '2016', 1, 'BAIK'),
(1176, '02.06.02.01.06.AS.WK3.K5', 'KURSI ', 'STANDAR', 'UNIT', 6, '2016', 1, 'BAIK'),
(1177, '02.06.02.01.06.AS.WK3.K6', 'KURSI ', 'STANDAR', 'UNIT', 6, '2016', 1, 'BAIK'),
(1178, '02.06.02.01.06.AS.WK3.K7', 'KURSI ', 'STANDAR', 'UNIT', 6, '2016', 1, 'BAIK'),
(1179, '02.06.02.01.06.AS.WK3.K8', 'KURSI ', 'STANDAR', 'UNIT', 6, '2016', 1, 'BAIK'),
(1180, '02.06.02.01.06.AS.WK3.K9', 'KURSI ', 'STANDAR', 'UNIT', 6, '2016', 1, 'BAIK'),
(1181, '02.06.02.01.06.AS.WK3.K10', 'KURSI ', 'STANDAR', 'UNIT', 6, '2016', 1, 'BAIK'),
(1182, '02.06.02.01.WK3.AS.M1', 'MEJA', 'STANDAR', 'UNIT', 6, '2016', 1, 'BAIK'),
(1183, '02.06.02.01.WK3.AS.M2', 'MEJA', 'STANDAR', 'UNIT', 6, '2016', 1, 'BAIK'),
(1184, '02.06.02.01.WK3.AS.M3', 'MEJA', 'STANDAR', 'UNIT', 6, '2016', 1, 'BAIK'),
(1185, '02.06.02.01.WK3.AS.M4', 'MEJA', 'STANDAR', 'UNIT', 6, '2016', 1, 'BAIK'),
(1186, '02.06.02.01.WK3.AS.M5', 'MEJA', 'STANDAR', 'UNIT', 6, '2016', 1, 'BAIK'),
(1187, '02.06.02.01.WK3.AS.M6', 'MEJA', 'STANDAR', 'UNIT', 6, '2016', 1, 'BAIK'),
(1188, '02.06.02.01.WK3.AS.M7', 'MEJA', 'STANDAR', 'UNIT', 6, '2016', 1, 'BAIK'),
(1189, '02.06.02.01.WK3.AS.M8', 'MEJA', 'STANDAR', 'UNIT', 6, '2016', 1, 'BAIK'),
(1190, '02.06.02.01.WK3.AS.M9', 'MEJA', 'STANDAR', 'UNIT', 6, '2016', 1, 'BAIK'),
(1191, '02.06.02.01.06.AS.WK3.K10', 'KURSI PUTAR', 'TIGER', 'UNIT', 39, '', 1, 'BAIK'),
(1192, '02.06.02.04.01.WK3', 'DISPENSER GALON', 'MIYAKO', 'UNIT', 6, '', 1, 'BAIK'),
(1193, '02.06.02.04.06.WK3.AS', 'AC', 'POLYTRON', 'UNIT', 43, '', 1, 'BAIK'),
(1194, '02.06.03.02.01.AS.WK3.K1', 'KOMPUTER', 'P1GGHQL', 'UNIT', 55, '', 1, 'Baik'),
(1195, '02.06.03.05.03.AS.WK3.P1', 'PRINTER', 'CONNON MP287', 'UNIT', 11, '', 1, 'Baik'),
(1196, '02.06.03.05.03.AS.WK3.P2', 'PRINTER', 'EPSON 3006', 'UNIT', 11, '', 1, 'BAIK'),
(1197, '02.06.02.06.AS.WK3.LK.1', 'LEMARI KAYU', 'STANDAR', 'UNIT', 36, '', 1, 'BAIK'),
(1198, '02.06.02.06.AS.WK3.LK.2', 'RAK KAYU', 'STANDAR', 'UNIT', 36, '', 1, 'BAIK'),
(1199, '02.06.02.06.AS.WK3.LB.1', 'LEMARI BESI ', 'BROTHER', 'UNIT', 35, '', 1, 'BAIK'),
(1200, '02.06.02.06.AS.WK3.LB.2', 'LEMARI BESI ', 'BROTHER', 'UNIT', 35, '', 1, 'BAIK'),
(1201, '02.06.02.06.AS.WK3.LKC1', 'LEMARI KACA', 'STANDAR', 'UNIT', 37, '', 1, 'BAIK'),
(1202, '02.06.02.06.AS.WK3.LKC2', 'LEMARI KACA', 'STANDAR', 'UNIT', 37, '', 1, 'BAIK'),
(1203, '02.06.02.06.AS.WK3.T1', 'TOA ( PENGERAS SUARA )', 'TOA', 'UNIT', 48, '', 1, 'BAIK'),
(1204, '02.06.02.06.AS.WK3.T2', 'TOA ( PENGERAS SUARA )', 'TOA', 'UNIT', 48, '', 1, 'BAIK'),
(1205, '02.06.02.06.AS.WK3.T3', 'TOA ( PENGERAS SUARA )', 'TOA', 'UNIT', 48, '', 1, 'BAIK'),
(1206, '02.06.02.06.AS.WK3.T4', 'TOA ( PENGERAS SUARA )', 'TOA', 'UNIT', 48, '', 1, 'BAIK'),
(1207, '02.06.02.06.AS.WK3.T5', 'TOA ( PENGERAS SUARA )', 'N29', 'UNIT', 48, '', 1, 'BAIK'),
(1208, '02.06.02.06.AS.WK3.T6', 'TOA ( PENGERAS SUARA )', 'N29', 'UNIT', 48, '', 1, 'BAIK'),
(1209, '02.06.02.06.AS.WK3.T7', 'TOA ( PENGERAS SUARA )', 'MASTER USA', 'UNIT', 48, '', 1, 'BAIK'),
(1210, '02.06.02.06.AS.WK3.T8', 'TOA ( PENGERAS SUARA )', '2R2015S', 'UNIT', 48, '', 1, 'BAIK'),
(1211, '02.06.03.05.02.WK3.TV', 'TV', 'POLYTRON', 'UNIT', 6, '2007', 1, 'RUSAK'),
(1212, '02.06.02.01.WK3.AS. SP1', 'SPEAKER AKTIF ', 'DBR 15', 'UNIT', 48, '', 1, 'BAIK'),
(1213, '02.06.02.01.WK3.AS. SP2', 'SPEAKER AKTIF', 'DBR 15', 'UNIT', 48, '', 1, 'BAIK'),
(1214, '02.06.02.01.WK3.AS. SP3', 'SPEAKER AKTIF', 'MATSUNICHI', 'UNIT', 48, '', 1, 'BAIK'),
(1215, '02.06.02.01.WK3.AS. SP4', 'SPEAKER ', 'STANDAR', 'UNIT', 48, '', 1, 'BAIK'),
(1216, '02.06.02.01.WK3.AS. SP5', 'SPEAKER ', 'STANDAR', 'UNIT', 48, '', 1, 'BAIK'),
(1217, '02.06.02.01.WK3.AS.AMP1', 'AMPLIFIER', 'STANDAR', 'UNIT', 48, '', 1, 'BAIK'),
(1218, '02.06.02.01.WK3.AS.AMP2', 'MIXER', 'PROFESSIONAL ', 'UNIT', 48, '', 1, 'BAIK'),
(1219, '02.06.02.01.06.WK3.AS.SM1', 'STAND MIX', 'CREMSON', 'UNIT', 6, '', 1, 'BAIK'),
(1220, '02.06.02.01.06.WK3.AS.SM2', 'STAND MIX', 'CREMSON', 'UNIT', 6, '', 1, 'BAIK'),
(1221, '02.06.02.01.06.WK3.AS.SM3', 'STAND MIX', 'CREMSON', 'UNIT', 6, '', 1, 'BAIK'),
(1222, '02.06.02.01.06.WK3.AS.SM4', 'STAND MIX', 'CREMSON', 'UNIT', 6, '', 1, 'BAIK'),
(1223, '02.06.02.01.06.WK3.AS.SM5', 'STAND MIX', 'CREMSON', 'UNIT', 6, '', 1, 'BAIK'),
(1224, '02.06.02.01.06.WK3.AS.SM6', 'STAND MIX', 'STANDAR', 'UNIT', 6, '', 1, 'BAIK'),
(1225, '02.06.02.01.06.WK3.AS.SM7', 'STAND MIX', 'STANDAR', 'UNIT', 6, '', 1, 'BAIK'),
(1226, '02.06.02.01.06.WK3.AS.SM8', 'STAND MIX', 'STANDAR', 'UNIT', 6, '', 1, 'BAIK'),
(1227, '02.06.02.01.06.WK3.AS.PP1', 'BAJU PEDANG PORA ', 'STANDAR', 'UNIT', 6, '', 1, 'BAIK'),
(1228, '02.06.02.01.06.WK3.AS.PP2', 'BAJU PEDANG PORA ', 'STANDAR', 'UNIT', 6, '', 1, 'BAIK'),
(1229, '02.06.02.01.06.WK3.AS.PP3', 'BAJU PEDANG PORA ', 'STANDAR', 'UNIT', 6, '', 1, 'BAIK'),
(1230, '02.06.02.01.06.WK3.AS.PP4', 'BAJU PEDANG PORA ', 'STANDAR', 'UNIT', 6, '', 1, 'BAIK'),
(1231, '02.06.02.01.06.WK3.AS.PP5', 'BAJU PEDANG PORA ', 'STANDAR', 'UNIT', 6, '', 1, 'BAIK'),
(1232, '02.06.02.01.06.WK3.AS.PP6', 'BAJU PEDANG PORA ', 'STANDAR', 'UNIT', 6, '', 1, 'BAIK'),
(1233, '02.06.02.01.06.WK3.AS.PP7', 'BAJU PEDANG PORA ', 'STANDAR', 'UNIT', 6, '', 1, 'BAIK'),
(1234, '02.06.02.01.06.WK3.AS.PP8', 'BAJU PEDANG PORA ', 'STANDAR', 'UNIT', 6, '', 1, 'BAIK'),
(1235, '02.06.02.01.06.WK3.AS.PP9', 'BAJU PEDANG PORA ', 'STANDAR', 'UNIT', 6, '', 1, 'BAIK'),
(1236, '02.06.02.01.06.WK3.AS.PP10', 'BAJU PEDANG PORA ', 'STANDAR', 'UNIT', 6, '', 1, 'BAIK'),
(1237, '02.06.02.01.06.WK3.AS.PP11', 'BAJU PEDANG PORA ', 'STANDAR', 'UNIT', 6, '', 1, 'BAIK'),
(1238, '02.06.02.01.06.WK3.AS.PP12', 'BAJU PEDANG PORA ', 'STANDAR', 'UNIT', 6, '', 1, 'BAIK'),
(1239, '02.06.02.01.06.WK3.AS.PP13', 'BAJU PEDANG PORA ', 'STANDAR', 'UNIT', 6, '', 1, 'BAIK'),
(1240, '02.06.02.01.06.WK3.AS.PP14', 'BAJU PEDANG PORA ', 'STANDAR', 'UNIT', 6, '', 1, 'BAIK'),
(1241, '02.06.02.01.06.WK3.AS.PP15', 'BAJU PEDANG PORA ', 'STANDAR', 'UNIT', 6, '', 1, 'BAIK'),
(1242, '02.06.02.01.06.WK3.AS.PP16', 'BAJU PEDANG PORA ', 'STANDAR', 'UNIT', 6, '', 1, 'BAIK'),
(1243, '02.06.02.04.06.LB.01', 'AC', '-', 'UNIT', 43, '2016', 1, 'BAIK'),
(1244, '02.06.02.01.04.LB.01', 'MEJA RECEPTIONIS', 'STANDAR', '1 SET', 42, '2020', 1, 'BAIK'),
(1245, '02.06.02.01.04.LB.02', 'MEBEL SET', 'STANDAR', '1 SET', 42, '2006', 1, 'BAIK'),
(1246, '02.06.02.01.04.LB.03', 'MEBEL SET', 'STANDAR', '1 SET', 42, '2006', 1, 'BAIK'),
(1247, '02.06.02.01.06.LB.01', 'MEJA KAYU', 'STANDAR', 'UNIT', 6, '2006', 1, 'BAIK'),
(1248, '02.06.02.01.06.LB.02', 'MEJA KAYU', 'STANDAR', 'UNIT', 6, '2006', 1, 'BAIK'),
(1249, '02.06.02.01.06.LB.01', 'KURSI PUTAR', 'CHAIRMAN', 'UNIT', 39, '2006', 1, 'BAIK'),
(1250, '02.06.03.05.03.LSP.01', 'PRINTER', 'CANON', 'UNIT', 6, '2014', 1, 'BAIK'),
(1251, '02.06.02.04.06.LSP.01', 'AC', 'CHANGHONG', 'UNIT', 43, '2016', 1, 'RUSAK'),
(1252, '02.06.02.01.06.LSP.01', 'MEJA KAYU', 'STANDAR', 'UNIT', 6, '2006', 1, 'BAIK'),
(1253, '02.06.02.01.06.LSP.02', 'MEJA KAYU', 'STANDAR', 'UNIT', 6, '2006', 1, 'BAIK'),
(1254, '02.06.02.01.06.LSP.03', 'MEJA KAYU', 'STANDAR', 'UNIT', 6, '2006', 1, 'BAIK'),
(1255, '02.06.02.01.06.LSP.04', 'MEJA KAYU', 'STANDAR', 'UNIT', 6, '2006', 1, 'BAIK'),
(1256, '02.06.02.01.06.LSP.05', 'MEJA KAYU', 'STANDAR', 'UNIT', 6, '2006', 1, 'BAIK'),
(1257, '02.06.02.01.06.LSP.06', 'MEJA KAYU', 'STANDAR', 'UNIT', 6, '2006', 1, 'BAIK'),
(1258, '02.06.02.01.06.LSP.07', 'KURSI KAYU', 'STANDAR', 'UNIT', 6, '2006', 1, 'BAIK'),
(1259, '02.06.02.01.06.LSP.08', 'KURSI KAYU', 'STANDAR', 'UNIT', 6, '2006', 1, 'BAIK'),
(1260, '02.06.02.01.06.LSP.09', 'KURSI KAYU', 'STANDAR', 'UNIT', 6, '2006', 1, 'BAIK'),
(1261, '02.06.02.01.06.LSP.10', 'KURSI PLASTIK', 'STANDAR', 'UNIT', 6, '2006', 1, 'BAIK'),
(1262, '02.06.02.01.06.LSP.11', 'KURSI PLASTIK', 'STANDAR', 'UNIT', 6, '2006', 1, 'BAIK'),
(1263, '02.06.02.01.06.LSP.12', 'KURSI PLASTIK', 'STANDAR', 'UNIT', 6, '2006', 1, 'BAIK'),
(1264, '02.06.02.01.06.WK3.AS.PD1', 'PEDANG PORA ', 'STANDAR', 'UNIT', 6, '', 1, 'BAIK'),
(1265, '02.06.02.01.06.WK3.AS.PD2', 'PEDANG PORA ', 'STANDAR', 'UNIT', 6, '', 1, 'BAIK'),
(1266, '02.06.02.01.06.WK3.AS.PD3', 'PEDANG PORA ', 'STANDAR', 'UNIT', 6, '', 1, 'BAIK'),
(1267, '02.06.02.01.06.WK3.AS.PD4', 'PEDANG PORA ', 'STANDAR', 'UNIT', 6, '', 1, 'BAIK'),
(1268, '02.06.02.01.06.WK3.AS.PD5', 'PEDANG PORA ', 'STANDAR', 'UNIT', 6, '', 1, 'BAIK'),
(1269, '02.06.02.01.06.WK3.AS.PD6', 'PEDANG PORA ', 'STANDAR', 'UNIT', 6, '', 1, 'BAIK'),
(1270, '02.06.02.01.06.WK3.AS.PD7', 'PEDANG PORA ', 'STANDAR', 'UNIT', 6, '', 1, 'BAIK'),
(1271, '02.06.02.01.06.WK3.AS.PD8', 'PEDANG PORA ', 'STANDAR', 'UNIT', 6, '', 1, 'BAIK'),
(1272, '02.06.02.01.06.WK3.AS.PD9', 'PEDANG PORA ', 'STANDAR', 'UNIT', 6, '', 1, 'BAIK'),
(1273, '02.06.02.01.06.WK3.AS.PD10', 'PEDANG PORA ', 'STANDAR', 'UNIT', 6, '', 1, 'BAIK'),
(1274, '02.06.02.01.06.WK3.AS.PD11', 'PEDANG PORA ', 'STANDAR', 'UNIT', 6, '', 1, 'BAIK'),
(1275, '02.06.02.01.06.WK3.AS.PD12', 'PEDANG PORA ', 'STANDAR', 'UNIT', 6, '', 1, 'BAIK'),
(1276, '02.06.02.01.06.WK3.AS.PD13', 'PEDANG PORA ', 'STANDAR', 'UNIT', 6, '', 1, 'BAIK'),
(1277, '02.06.02.01.06.WK3.AS.PD14', 'PEDANG PORA ', 'STANDAR', 'UNIT', 6, '', 1, 'BAIK'),
(1278, '02.06.02.01.06.WK3.AS.PD15', 'PEDANG PORA ', 'STANDAR', 'UNIT', 6, '', 1, 'BAIK'),
(1279, '02.06.02.01.06.WK3.AS.PD16', 'PEDANG PORA ', 'STANDAR', 'UNIT', 6, '', 1, 'BAIK'),
(1280, '02.06.02.01.06.WK3.AS.PD17', 'PEDANG PORA ', 'STANDAR', 'UNIT', 6, '', 1, 'BAIK'),
(1281, '02.06.02.01.06.WK3.AS.PD18', 'PEDANG PORA ', 'STANDAR', 'UNIT', 6, '', 1, 'BAIK'),
(1282, '02.06.01.05.40 .AS.WK3', 'Papan informasi', 'STANDAR', 'UNIT', 6, '', 1, 'BAIK'),
(1283, '02.06.02.01.06.WK3.AS.SP1', 'SEPATU PEDANG PORA ', 'STANDAR', 'UNIT', 6, '', 1, 'BAIK'),
(1284, '02.06.02.01.06.WK3.AS.SP2', 'SEPATU PEDANG PORA ', 'STANDAR', 'UNIT', 6, '', 1, 'BAIK'),
(1285, '02.06.02.01.06.WK3.AS.SP3', 'SEPATU PEDANG PORA ', 'STANDAR', 'UNIT', 6, '', 1, 'BAIK'),
(1286, '02.06.02.01.06.WK3.AS.SP4', 'SEPATU PEDANG PORA ', 'STANDAR', 'UNIT', 6, '', 1, 'BAIK'),
(1287, '02.06.02.01.06.WK3.AS.SP5', 'SEPATU PEDANG PORA ', 'STANDAR', 'UNIT', 6, '', 1, 'BAIK'),
(1288, '02.06.02.01.06.WK3.AS.SP6', 'SEPATU PEDANG PORA ', 'STANDAR', 'UNIT', 6, '', 1, 'BAIK'),
(1289, '02.06.02.01.06.WK3.AS.SP7', 'SEPATU PEDANG PORA ', 'STANDAR', 'UNIT', 6, '', 1, 'BAIK'),
(1290, '02.02.18.AS.OR.R1', 'RAKET ', 'YONEX', 'BUAH', 18, '2019', 1, 'BAIK'),
(1291, '02.02.18.AS.OR.R2', 'RAKET ', 'YONEX', 'BUAH', 18, '2019', 1, 'BAIK'),
(1292, '02.02.18.AS.OR.R3', 'RAKET ', 'YONEX', 'BUAH', 18, '2019', 1, 'BAIK'),
(1293, '02.02.18.AS.OR.R4', 'RAKET ', 'YONEX', 'BUAH', 18, '2019', 1, 'BAIK'),
(1294, '02.02.18.AS.OR.R5', 'RAKET ', 'YONEX', 'BUAH', 18, '2019', 1, 'BAIK'),
(1295, '02.02.18.AS.OR.R6', 'RAKET ', 'YONEX', 'BUAH', 18, '2019', 1, 'BAIK'),
(1296, '02.02.18.AS.OR.R7', 'RAKET ', 'YONEX', 'BUAH', 18, '2019', 1, 'BAIK'),
(1297, '02.02.18.AS.OR.R8', 'RAKET ', 'YONEX', 'BUAH', 18, '2019', 1, 'BAIK'),
(1298, '02.02.18.AS.OR.R9', 'RAKET ', 'YONEX', 'BUAH', 18, '2019', 1, 'BAIK'),
(1299, '02.02.18.AS.OR.R10', 'RAKET ', 'YONEX', 'BUAH', 18, '2019', 1, 'BAIK'),
(1300, '02.02.18.AS.OR.R11', 'RAKET ', 'YONEX', 'BUAH', 18, '2019', 1, 'BAIK'),
(1301, '02.02.18.AS.OR.R12', 'RAKET ', 'YONEX', 'BUAH', 18, '2019', 1, 'BAIK'),
(1302, '02.02.18.AS.OR.R13', 'RAKET ', 'YONEX', 'BUAH', 18, '2019', 1, 'BAIK'),
(1303, '02.02.18.AS.OR.R14', 'RAKET ', 'YONEX', 'BUAH', 18, '2019', 1, 'BAIK'),
(1304, '02.02.18.AS.OR.R15', 'RAKET ', 'YONEX', 'BUAH', 18, '2019', 1, 'BAIK'),
(1305, '02.02.18.AS.OR.R16', 'RAKET ', 'YONEX', 'BUAH', 18, '2019', 1, 'BAIK'),
(1306, '02.02.18.AS.OR.BS1', 'BOLA SEPAK ', 'MIKASA ', 'BUAH', 18, '2019', 1, 'BAIK'),
(1307, '02.02.18.AS.OR.BS2', 'BOLA SEPAK ', 'MIKASA ', 'BUAH', 18, '2019', 1, 'BAIK'),
(1308, '02.02.18.AS.OR.BS3', 'BOLA SEPAK ', 'MIKASA ', 'BUAH', 18, '2019', 1, 'BAIK'),
(1309, '02.02.18.AS.OR.BS4', 'BOLA SEPAK ', 'MIKASA ', 'BUAH', 18, '2019', 1, 'BAIK'),
(1310, '02.02.18.AS.OR.BS5', 'BOLA SEPAK ', 'MIKASA ', 'BUAH', 18, '2019', 1, 'BAIK'),
(1311, '02.02.18.AS.OR.BS6', 'BOLA SEPAK ', 'MIKASA ', 'BUAH', 18, '2019', 1, 'BAIK'),
(1312, '02.02.18.AS.OR.BS7', 'BOLA SEPAK ', 'MIKASA ', 'BUAH', 18, '2019', 1, 'BAIK'),
(1313, '02.02.18.AS.OR.BS8', 'BOLA SEPAK ', 'MIKASA ', 'BUAH', 18, '2019', 1, 'BAIK'),
(1314, '02.02.18.AS.OR.BS9', 'BOLA SEPAK ', 'MIKASA ', 'BUAH', 18, '2019', 1, 'BAIK'),
(1315, '02.02.18.AS.OR.BS10', 'BOLA SEPAK ', 'MIKASA ', 'BUAH', 18, '2019', 1, 'BAIK'),
(1316, '02.02.18.AS.OR.BS11', 'BOLA SEPAK ', 'MIKASA ', 'BUAH', 18, '2019', 1, 'BAIK'),
(1317, '02.02.18.AS.OR.BS12', 'BOLA SEPAK ', 'MIKASA ', 'BUAH', 18, '2019', 1, 'BAIK'),
(1318, '02.02.18.AS.OR.BS13', 'BOLA SEPAK ', 'MIKASA ', 'BUAH', 18, '2019', 1, 'BAIK'),
(1319, '02.02.18.AS.OR.BS14', 'BOLA SEPAK ', 'MIKASA ', 'BUAH', 18, '2019', 1, 'BAIK'),
(1320, '02.02.18.AS.OR.BS15', 'BOLA SEPAK ', 'MIKASA ', 'BUAH', 18, '2019', 1, 'BAIK'),
(1321, '02.02.18.AS.OR.BS16', 'BOLA SEPAK ', 'MIKASA ', 'BUAH', 18, '2019', 1, 'BAIK'),
(1322, '02.02.18.AS.OR.BS17', 'BOLA SEPAK ', 'MIKASA ', 'BUAH', 18, '2019', 1, 'BAIK'),
(1323, '02.02.18.AS.OR.BS18', 'BOLA SEPAK ', 'MIKASA ', 'BUAH', 18, '2019', 1, 'BAIK'),
(1324, '02.02.18.AS.OR.BS19', 'BOLA SEPAK ', 'MIKASA ', 'BUAH', 18, '2019', 1, 'BAIK'),
(1325, '02.02.18.AS.OR.BS20', 'BOLA SEPAK ', 'MIKASA ', 'BUAH', 18, '2019', 1, 'BAIK'),
(1326, '02.02.18.AS.OR.BV1', 'BOLA VOLLY', 'MIKASA ', 'BUAH', 18, '2019', 1, 'BAIK'),
(1327, '02.02.18.AS.OR.BV2', 'BOLA VOLLY', 'MIKASA ', 'BUAH', 18, '2019', 1, 'BAIK'),
(1328, '02.02.18.AS.OR.BV3', 'BOLA VOLLY', 'MIKASA ', 'BUAH', 18, '2019', 1, 'BAIK'),
(1329, '02.02.18.AS.OR.BV4', 'BOLA VOLLY', 'MIKASA ', 'BUAH', 18, '2019', 1, 'BAIK'),
(1330, '02.02.18.AS.OR.BV5', 'BOLA VOLLY', 'MIKASA ', 'BUAH', 18, '2019', 1, 'BAIK'),
(1331, '02.02.18.AS.OR.BV6', 'BOLA VOLLY', 'MIKASA ', 'BUAH', 18, '2019', 1, 'BAIK'),
(1332, '02.02.18.AS.OR.BV7', 'BOLA VOLLY', 'MIKASA ', 'BUAH', 18, '2019', 1, 'BAIK'),
(1333, '02.02.18.AS.OR.BV8', 'BOLA VOLLY', 'MIKASA ', 'BUAH', 18, '2019', 1, 'BAIK'),
(1334, '02.02.18.AS.OR.BV9', 'BOLA VOLLY', 'MIKASA ', 'BUAH', 18, '2019', 1, 'BAIK'),
(1335, '02.02.18.AS.OR.BV10', 'BOLA VOLLY', 'MOLTEN', 'BUAH', 18, '2019', 1, 'BAIK'),
(1336, '02.02.18.AS.OR.BV11', 'BOLA VOLLY', 'MOLTEN', 'BUAH', 18, '2019', 1, 'BAIK'),
(1337, '02.02.18.AS.OR.BV12', 'BOLA VOLLY', 'MOLTEN', 'BUAH', 18, '2019', 1, 'BAIK'),
(1338, '02.02.18.AS.OR.NV1', 'NET VOLLY', 'MIKASA ', 'BUAH', 18, '2019', 1, 'BAIK'),
(1339, '02.02.18.AS.OR.NV2', 'NET VOLLY', 'MIKASA ', 'BUAH', 18, '2019', 1, 'BAIK'),
(1340, '02.02.18.AS.OR.NV3', 'NET VOLLY', 'MIKASA ', 'BUAH', 18, '2019', 1, 'BAIK'),
(1341, '02.02.18.AS.OR.NV4', 'NET VOLLY', 'MIKASA ', 'BUAH', 18, '2019', 1, 'BAIK'),
(1342, '02.02.18.AS.OR.BB1', 'BOLA BASKET', 'MOLTEN', 'BUAH', 18, '2019', 1, 'BAIK'),
(1343, '02.02.18.AS.OR.BB2', 'BOLA BASKET', 'MOLTEN', 'BUAH', 18, '2019', 1, 'BAIK'),
(1344, '02.02.18.AS.OR.BB3', 'BOLA BASKET', 'MOLTEN', 'BUAH', 18, '2019', 1, 'BAIK'),
(1345, '02.02.18.AS.OR.BB4', 'BOLA BASKET', 'MOLTEN', 'BUAH', 18, '2019', 1, 'BAIK'),
(1346, '02.02.18.AS.OR.BB5', 'BOLA BASKET', 'MOLTEN', 'BUAH', 18, '2019', 1, 'BAIK'),
(1347, '02.02.18.AS.OR.BB6', 'BOLA BASKET', 'MOLTEN', 'BUAH', 18, '2019', 1, 'BAIK'),
(1348, '02.02.18.AS.OR.BB7', 'BOLA BASKET', 'MOLTEN', 'BUAH', 18, '2019', 1, 'BAIK'),
(1349, '02.02.18.AS.OR.BB8', 'BOLA BASKET', 'MOLTEN', 'BUAH', 18, '2019', 1, 'BAIK'),
(1350, '02.02.18.AS.OR.BB9', 'BOLA BASKET', 'MOLTEN', 'BUAH', 18, '2019', 1, 'BAIK'),
(1351, '02.02.18.AS.OR.BB10', 'BOLA BASKET', 'MOLTEN', 'BUAH', 18, '2019', 1, 'BAIK'),
(1352, '02.02.18.AS.OR.BB11', 'BOLA BASKET', 'MOLTEN', 'BUAH', 18, '2019', 1, 'BAIK'),
(1353, '02.02.18.AS.OR.BB12', 'BOLA BASKET', 'MOLTEN', 'BUAH', 18, '2019', 1, 'BAIK'),
(1354, '02.02.18.AS.OR.BB13', 'BOLA BASKET', 'MOLTEN', 'BUAH', 18, '2019', 1, 'BAIK'),
(1355, '02.02.18.AS.OR.BB14', 'BOLA BASKET', 'MOLTEN', 'BUAH', 18, '2019', 1, 'BAIK'),
(1356, '02.02.18.AS.OR.BB15', 'BOLA BASKET', 'MOLTEN', 'BUAH', 18, '2019', 1, 'BAIK'),
(1357, '02.02.18.AS.OR.BB16', 'BOLA BASKET', 'MOLTEN', 'BUAH', 18, '2019', 1, 'BAIK'),
(1358, '02.02.18.AS.OR.BB17', 'BOLA BASKET', 'MOLTEN', 'BUAH', 18, '2019', 1, 'BAIK'),
(1359, '02.02.18.AS.OR.BB18', 'BOLA BASKET', 'MOLTEN', 'BUAH', 18, '2019', 1, 'BAIK'),
(1360, '02.02.18.AS.OR.BB19', 'BOLA BASKET', 'MOLTEN', 'BUAH', 18, '2019', 1, 'BAIK'),
(1361, '02.02.18.AS.OR.BB20', 'BOLA BASKET', 'MOLTEN', 'BUAH', 18, '2019', 1, 'BAIK'),
(1362, '02.02.18.AS.OR.BF1', 'BOLA FOOTSAL', 'MIKASA ', 'BUAH', 18, '2019', 1, 'BAIK'),
(1363, '02.02.18.AS.OR.BF2', 'BOLA FOOTSAL', 'MIKASA ', 'BUAH', 18, '2019', 1, 'BAIK'),
(1364, '02.02.18.AS.OR.BF3', 'BOLA FOOTSAL', 'MIKASA ', 'BUAH', 18, '2019', 1, 'BAIK'),
(1365, '02.02.18.AS.OR.BF4', 'BOLA FOOTSAL', 'MIKASA ', 'BUAH', 18, '2019', 1, 'BAIK'),
(1366, '02.02.18.AS.OR.BF5', 'BOLA FOOTSAL', 'MIKASA ', 'BUAH', 18, '2019', 1, 'BAIK'),
(1367, '02.02.18.AS.OR.BF6', 'BOLA FOOTSAL', 'MIKASA ', 'BUAH', 18, '2019', 1, 'BAIK'),
(1368, '02.02.18.AS.OR.BF7', 'BOLA FOOTSAL', 'MIKASA ', 'BUAH', 18, '2019', 1, 'BAIK'),
(1369, '02.02.18.AS.OR.BF8', 'BOLA FOOTSAL', 'MIKASA ', 'BUAH', 18, '2019', 1, 'BAIK'),
(1370, '02.02.18.AS.OR.CK1', 'CAKRAM ', 'MATRIK', 'BUAH', 18, '2019', 1, 'BAIK'),
(1371, '02.02.18.AS.OR.CK2', 'CAKRAM ', 'MATRIK', 'BUAH', 18, '2019', 1, 'BAIK'),
(1372, '02.02.18.AS.OR.CK3', 'CAKRAM ', 'MATRIK', 'BUAH', 18, '2019', 1, 'BAIK'),
(1373, '02.02.18.AS.OR.CK4', 'CAKRAM ', 'MATRIK', 'BUAH', 18, '2019', 1, 'BAIK'),
(1374, '02.02.18.AS.OR.CK5', 'CAKRAM ', 'MATRIK', 'BUAH', 18, '2019', 1, 'BAIK'),
(1375, '02.02.18.AS.OR.CK6', 'CAKRAM ', 'MATRIK', 'BUAH', 18, '2019', 1, 'BAIK'),
(1376, '02.02.18.AS.OR.CK7', 'CAKRAM ', 'MATRIK', 'BUAH', 18, '2019', 1, 'BAIK'),
(1377, '02.02.18.AS.OR.CK8', 'CAKRAM ', 'MATRIK', 'BUAH', 18, '2019', 1, 'BAIK'),
(1378, '02.02.18.AS.OR.CK9', 'CAKRAM ', 'MATRIK', 'BUAH', 18, '2019', 1, 'BAIK'),
(1379, '02.02.18.AS.OR.CK10', 'CAKRAM ', 'MATRIK', 'BUAH', 18, '2019', 1, 'BAIK'),
(1380, '02.02.18.AS.OR.CK11', 'CAKRAM ', 'MATRIK', 'BUAH', 18, '2019', 1, 'BAIK'),
(1381, '02.02.18.AS.OR.CK12', 'CAKRAM ', 'MATRIK', 'BUAH', 18, '2019', 1, 'BAIK'),
(1382, '02.02.18.AS.OR.LF1', 'LEMBING FIBER', 'MATRIK', 'BUAH', 18, '2019', 1, 'BAIK'),
(1383, '02.02.18.AS.OR.LF2', 'LEMBING FIBER', 'MATRIK', 'BUAH', 18, '2019', 1, 'BAIK'),
(1384, '02.02.18.AS.OR.LF3', 'LEMBING FIBER', 'MATRIK', 'BUAH', 18, '2019', 1, 'BAIK'),
(1385, '02.02.18.AS.OR.LF4', 'LEMBING FIBER', 'MATRIK', 'BUAH', 18, '2019', 1, 'BAIK'),
(1386, '02.02.18.AS.OR.LF5', 'LEMBING FIBER', 'MATRIK', 'BUAH', 18, '2019', 1, 'BAIK'),
(1387, '02.02.18.AS.OR.LF6', 'LEMBING FIBER', 'MATRIK', 'BUAH', 18, '2019', 1, 'BAIK'),
(1388, '02.02.18.AS.OR.LF7', 'LEMBING FIBER', 'MATRIK', 'BUAH', 18, '2019', 1, 'BAIK'),
(1389, '02.02.18.AS.OR.LF8', 'LEMBING FIBER', 'MATRIK', 'BUAH', 18, '2019', 1, 'BAIK'),
(1390, '02.02.18.AS.OR.LF9', 'LEMBING FIBER', 'MATRIK', 'BUAH', 18, '2019', 1, 'BAIK'),
(1391, '02.02.18.AS.OR.LF10', 'LEMBING FIBER', 'MATRIK', 'BUAH', 18, '2019', 1, 'BAIK'),
(1392, '02.02.18.AS.OR.BS01', 'BUSA LOMPAT TINGGI', 'STANDAR', 'BUAH', 18, '2019', 1, 'BAIK'),
(1393, '02.02.18.AS.OR.BS02', 'BUSA LOMPAT TINGGI', 'STANDAR', 'BUAH', 18, '2019', 1, 'BAIK'),
(1394, '02.02.18.AS.OR.MT1', 'MATRAS ', 'SUPER', 'BUAH', 18, '2019', 1, 'BAIK'),
(1395, '02.02.18.AS.OR.MT2', 'MATRAS ', 'SUPER', 'BUAH', 18, '2019', 1, 'BAIK'),
(1396, '02.02.18.AS.OR.MT3', 'MATRAS ', 'SUPER', 'BUAH', 18, '2019', 1, 'BAIK'),
(1397, '02.02.18.AS.OR.MT4', 'MATRAS ', 'SUPER', 'BUAH', 18, '2019', 1, 'BAIK'),
(1398, '02.02.18.AS.OR.MT5', 'MATRAS ', 'SUPER', 'BUAH', 18, '2019', 1, 'BAIK'),
(1399, '02.02.18.AS.OR.MT6', 'MATRAS ', 'SUPER', 'BUAH', 18, '2019', 1, 'BAIK'),
(1400, '02.02.18.AS.OR.MT7', 'MATRAS ', 'SUPER', 'BUAH', 18, '2019', 1, 'BAIK'),
(1401, '02.02.18.AS.OR.MT8', 'MATRAS ', 'SUPER', 'BUAH', 18, '2019', 1, 'BAIK'),
(1402, '02.02.18.AS.OR.MT9', 'MATRAS ', 'SUPER', 'BUAH', 18, '2019', 1, 'BAIK'),
(1403, '02.02.18.AS.OR.MT10', 'MATRAS ', 'SUPER', 'BUAH', 18, '2019', 1, 'BAIK'),
(1404, '02.02.18.AS.OR.MT11', 'MATRAS ', 'SUPER', 'BUAH', 18, '2019', 1, 'BAIK'),
(1405, '02.02.18.AS.OR.MT12', 'MATRAS ', 'SUPER', 'BUAH', 18, '2019', 1, 'BAIK'),
(1406, '02.02.18.AS.OR.TP1', 'TOLAK PELURU', 'STANDAR', 'BUAH', 18, '2019', 1, 'BAIK'),
(1407, '02.02.18.AS.OR.TP2', 'TOLAK PELURU', 'STANDAR', 'BUAH', 18, '2019', 1, 'BAIK'),
(1408, '02.02.18.AS.OR.TP3', 'TOLAK PELURU', 'STANDAR', 'BUAH', 18, '2019', 1, 'BAIK'),
(1409, '02.02.18.AS.OR.TP4', 'TOLAK PELURU', 'STANDAR', 'BUAH', 18, '2019', 1, 'BAIK'),
(1410, '02.02.18.AS.OR.TP5', 'TOLAK PELURU', 'STANDAR', 'BUAH', 18, '2019', 1, 'BAIK'),
(1411, '02.02.18.AS.OR.TP6', 'TOLAK PELURU', 'STANDAR', 'BUAH', 18, '2019', 1, 'BAIK'),
(1412, '02.02.18.AS.OR.TP7', 'TOLAK PELURU', 'STANDAR', 'BUAH', 18, '2019', 1, 'BAIK'),
(1413, '02.02.18.AS.OR.TP8', 'TOLAK PELURU', 'STANDAR', 'BUAH', 18, '2019', 1, 'BAIK'),
(1414, '02.02.18.AS.OR.TP9', 'TOLAK PELURU', 'STANDAR', 'BUAH', 18, '2019', 1, 'BAIK'),
(1415, '02.02.18.AS.OR.TP10', 'TOLAK PELURU', 'STANDAR', 'BUAH', 18, '2019', 1, 'BAIK'),
(1416, '02.02.18.AS.OR.TP11', 'TOLAK PELURU', 'STANDAR', 'BUAH', 18, '2019', 1, 'BAIK'),
(1417, '02.02.18.AS.OR.TP12', 'TOLAK PELURU', 'STANDAR', 'BUAH', 18, '2019', 1, 'BAIK'),
(1418, '02.02.18.AS.OR.BT1', 'BOLA TAKROW', 'STANDAR', 'BUAH', 18, '2019', 1, 'BAIK'),
(1419, '02.02.18.AS.OR.BT2', 'BOLA TAKROW', 'STANDAR', 'BUAH', 18, '2019', 1, 'BAIK'),
(1420, '02.02.18.AS.OR.BT3', 'BOLA TAKROW', 'STANDAR', 'BUAH', 18, '2019', 1, 'BAIK'),
(1421, '02.02.18.AS.OR.BT4', 'BOLA TAKROW', 'STANDAR', 'BUAH', 18, '2019', 1, 'BAIK'),
(1422, '02.02.18.AS.OR.BT5', 'BOLA TAKROW', 'STANDAR', 'BUAH', 18, '2019', 1, 'BAIK'),
(1423, '02.02.18.AS.OR.BT6', 'BOLA TAKROW', 'STANDAR', 'BUAH', 18, '2019', 1, 'BAIK'),
(1424, '02.02.18.AS.OR.POM', 'POMPA BOLA', 'STANDAR', 'BUAH', 18, '2019', 1, 'BAIK'),
(1425, '02.02.18.AS.OR.SW1', 'STOPWATCH', 'STANDAR', 'BUAH', 18, '2019', 1, 'BAIK'),
(1426, '02.02.18.AS.OR.SW2', 'STOPWATCH', 'STANDAR', 'BUAH', 18, '2019', 1, 'BAIK'),
(1427, '02.02.18.AS.OR.SW3', 'STOPWATCH', 'STANDAR', 'BUAH', 18, '2019', 1, 'BAIK'),
(1428, '02.02.18.AS.OR.SW4', 'STOPWATCH', 'STANDAR', 'BUAH', 18, '2019', 1, 'BAIK'),
(1429, '02.02.18.AS.OR.C1', 'CUN', 'STANDAR', 'BUAH', 18, '2019', 1, 'BAIK'),
(1430, '02.02.18.AS.OR.C2', 'CUN', 'STANDAR', 'BUAH', 18, '2019', 1, 'BAIK'),
(1431, '02.02.18.AS.OR.C3', 'CUN', 'STANDAR', 'BUAH', 18, '2019', 1, 'BAIK'),
(1432, '02.02.18.AS.OR.C4', 'CUN', 'STANDAR', 'BUAH', 18, '2019', 1, 'BAIK'),
(1433, '02.02.18.AS.OR.C5', 'CUN', 'STANDAR', 'BUAH', 18, '2019', 1, 'BAIK'),
(1434, '02.02.18.AS.OR.C6', 'CUN', 'STANDAR', 'BUAH', 18, '2019', 1, 'BAIK'),
(1435, '02.02.18.AS.OR.C7', 'CUN', 'STANDAR', 'BUAH', 18, '2019', 1, 'BAIK'),
(1436, '02.02.18.AS.OR.C8', 'CUN', 'STANDAR', 'BUAH', 18, '2019', 1, 'BAIK'),
(1437, '02.02.18.AS.OR.C9', 'CUN', 'STANDAR', 'BUAH', 18, '2019', 1, 'BAIK'),
(1438, '02.02.18.AS.OR.C10', 'CUN', 'STANDAR', 'BUAH', 18, '2019', 1, 'BAIK'),
(1439, '02.02.18.AS.OR.C11', 'CUN', 'STANDAR', 'BUAH', 18, '2019', 1, 'BAIK'),
(1440, '02.02.18.AS.OR.C12', 'CUN', 'STANDAR', 'BUAH', 18, '2019', 1, 'BAIK'),
(1441, '02.02.18.AS.OR.C13', 'CUN', 'STANDAR', 'BUAH', 18, '2019', 1, 'BAIK'),
(1442, '02.02.18.AS.OR.C14', 'CUN', 'STANDAR', 'BUAH', 18, '2019', 1, 'BAIK'),
(1443, '02.02.18.AS.OR.C15', 'CUN', 'STANDAR', 'BUAH', 18, '2019', 1, 'BAIK'),
(1444, '02.02.18.AS.OR.C16', 'CUN', 'STANDAR', 'BUAH', 18, '2019', 1, 'BAIK'),
(1445, '02.02.18.AS.OR.C17', 'CUN', 'STANDAR', 'BUAH', 18, '2019', 1, 'BAIK'),
(1446, '02.02.18.AS.OR.C18', 'CUN', 'STANDAR', 'BUAH', 18, '2019', 1, 'BAIK'),
(1447, '02.02.18.AS.OR.C19', 'CUN', 'STANDAR', 'BUAH', 18, '2019', 1, 'BAIK'),
(1448, '02.02.18.AS.OR.C20', 'CUN', 'STANDAR', 'BUAH', 18, '2019', 1, 'BAIK'),
(1449, '02.02.18.AS.OR.C21', 'CUN', 'STANDAR', 'BUAH', 18, '2019', 1, 'BAIK'),
(1450, '02.02.18.AS.OR.C22', 'CUN', 'STANDAR', 'BUAH', 18, '2019', 1, 'BAIK'),
(1451, '02.02.18.AS.OR.C23', 'CUN', 'STANDAR', 'BUAH', 18, '2019', 1, 'BAIK'),
(1452, '02.02.18.AS.OR.C24', 'CUN', 'STANDAR', 'BUAH', 18, '2019', 1, 'BAIK'),
(1453, '02.02.18.AS.OR.TL1', 'TIANG LOMPAT TINGGI', 'STANDAR', 'SET', 18, '2019', 1, 'BAIK'),
(1454, '02.02.18.AS.OR.TL2', 'TIANG LOMPAT TINGGI', 'STANDAR', 'SET', 18, '2019', 1, 'BAIK'),
(1455, '02.02.18.AS.OR.ML1', 'MISTAR LOMPAT TINGGI', 'STANDAR', 'SET', 18, '2019', 1, 'BAIK'),
(1456, '02.02.18.AS.OR.ML2', 'MISTAR LOMPAT TINGGI', 'STANDAR', 'SET', 18, '2019', 1, 'BAIK'),
(1457, '02.02.18.AS.OR.MET1', 'METERAN ', 'STANDAR', 'BUAH', 18, '2019', 1, 'BAIK'),
(1458, '02.02.18.AS.OR.MET2', 'METERAN ', 'STANDAR', 'BUAH', 18, '2019', 1, 'BAIK'),
(1459, '02.02.18.AS.OR.SS1', 'SEPATU SPRINT', 'STANDAR', 'SET', 18, '2019', 1, 'BAIK'),
(1460, '02.02.18.AS.OR.SS2', 'SEPATU SPRINT', 'STANDAR', 'SET', 18, '2019', 1, 'BAIK'),
(1461, '02.02.18.AS.OR.SS3', 'SEPATU SPRINT', 'STANDAR', 'SET', 18, '2019', 1, 'BAIK'),
(1462, '02.02.18.AS.OR.SS4', 'SEPATU SPRINT', 'STANDAR', 'SET', 18, '2019', 1, 'BAIK'),
(1463, '02.02.18.AS.OR.SS5', 'SEPATU SPRINT', 'STANDAR', 'SET', 18, '2019', 1, 'BAIK'),
(1464, '02.02.18.AS.OR.SS6', 'SEPATU SPRINT', 'STANDAR', 'SET', 18, '2019', 1, 'BAIK'),
(1465, '02.02.18.AS.OR.PB1', 'PANCAY BESI', 'STANDAR', 'BUAH', 18, '2019', 1, 'BAIK'),
(1466, '02.02.18.AS.OR.PB2', 'PANCAY BESI', 'STANDAR', 'BUAH', 18, '2019', 1, 'BAIK'),
(1467, '02.02.18.AS.OR.PB3', 'PANCAY BESI', 'STANDAR', 'BUAH', 18, '2019', 1, 'BAIK'),
(1468, '02.02.18.AS.OR.PB4', 'PANCAY BESI', 'STANDAR', 'BUAH', 18, '2019', 1, 'BAIK'),
(1469, '02.02.18.AS.OR.PB5', 'PANCAY BESI', 'STANDAR', 'BUAH', 18, '2019', 1, 'BAIK'),
(1470, '02.02.18.AS.OR.PB6', 'PANCAY BESI', 'STANDAR', 'BUAH', 18, '2019', 1, 'BAIK'),
(1471, '02.02.18.AS.OR.PB7', 'PANCAY BESI', 'STANDAR', 'BUAH', 18, '2019', 1, 'BAIK'),
(1472, '02.02.18.AS.OR.PB8', 'PANCAY BESI', 'STANDAR', 'BUAH', 18, '2019', 1, 'BAIK'),
(1473, '02.02.18.AS.OR.PB9', 'PANCAY BESI', 'STANDAR', 'BUAH', 18, '2019', 1, 'BAIK'),
(1474, '02.02.18.AS.OR.PB10', 'PANCAY BESI', 'STANDAR', 'BUAH', 18, '2019', 1, 'BAIK'),
(1475, '02.02.18.AS.OR.PB11', 'PANCAY BESI', 'STANDAR', 'BUAH', 18, '2019', 1, 'BAIK'),
(1476, '02.02.18.AS.OR.PB12', 'PANCAY BESI', 'STANDAR', 'BUAH', 18, '2019', 1, 'BAIK'),
(1477, '02.02.18.AS.OR.NB', 'NET BULU TANGKIS', 'STANDAR', 'BUAH', 18, '2019', 1, 'BAIK'),
(1478, '02.02.18.AS.OR.MP1', 'MEJA PING PONG', 'STANDAR', 'BUAH', 18, '2019', 1, 'BAIK'),
(1479, '02.02.18.AS.OR.MP2', 'MEJA PING PONG', 'STANDAR', 'BUAH', 18, '2019', 1, 'BAIK'),
(1480, '02.02.18.AS.OR.NP1', 'NET PING PONG ', 'STANDAR', 'BUAH', 18, '2019', 1, 'BAIK'),
(1481, '02.02.18.AS.OR.NP2', 'NET PING PONG ', 'STANDAR', 'BUAH', 18, '2019', 1, 'BAIK'),
(1482, '02.02.18.AS.OR.BET1', 'BET ', 'STANDAR', 'BUAH', 18, '2019', 1, 'BAIK'),
(1483, '02.02.18.AS.OR.BET2', 'BET ', 'STANDAR', 'BUAH', 18, '2019', 1, 'BAIK'),
(1484, '02.02.18.AS.OR.BET3', 'BET ', 'STANDAR', 'BUAH', 18, '2019', 1, 'BAIK'),
(1485, '02.02.18.AS.OR.BET4', 'BET ', 'STANDAR', 'BUAH', 18, '2019', 1, 'BAIK'),
(1486, '02.02.18.AS.OR.KB1', 'KAOS TIM BASKET', 'STANDAR', 'BUAH', 18, '2019', 1, 'BAIK'),
(1487, '02.02.18.AS.OR.KB2', 'KAOS TIM BASKET', 'STANDAR', 'BUAH', 18, '2019', 1, 'BAIK'),
(1488, '02.02.18.AS.OR.KB3', 'KAOS TIM BASKET', 'STANDAR', 'BUAH', 18, '2019', 1, 'BAIK'),
(1489, '02.02.18.AS.OR.KB4', 'KAOS TIM BASKET', 'STANDAR', 'BUAH', 18, '2019', 1, 'BAIK'),
(1490, '02.02.18.AS.OR.KB5', 'KAOS TIM BASKET', 'STANDAR', 'BUAH', 18, '2019', 1, 'BAIK'),
(1491, '02.02.18.AS.OR.KB6', 'KAOS TIM BASKET', 'STANDAR', 'BUAH', 18, '2019', 1, 'BAIK'),
(1492, '02.02.18.AS.OR.KB7', 'KAOS TIM BASKET', 'STANDAR', 'BUAH', 18, '2019', 1, 'BAIK'),
(1493, '02.02.18.AS.OR.KB8', 'KAOS TIM BASKET', 'STANDAR', 'BUAH', 18, '2019', 1, 'BAIK'),
(1494, '02.02.18.AS.OR.KB9', 'KAOS TIM BASKET', 'STANDAR', 'BUAH', 18, '2019', 1, 'BAIK'),
(1495, '02.02.18.AS.OR.KB10', 'KAOS TIM BASKET', 'STANDAR', 'BUAH', 18, '2019', 1, 'BAIK'),
(1496, '02.02.18.AS.OR.KB11', 'KAOS TIM BASKET', 'STANDAR', 'BUAH', 18, '2019', 1, 'BAIK'),
(1497, '02.02.18.AS.OR.KB12', 'KAOS TIM BASKET', 'STANDAR', 'BUAH', 18, '2019', 1, 'BAIK'),
(1498, '02.02.18.AS.OR.KB13', 'KAOS TIM BASKET', 'STANDAR', 'BUAH', 18, '2019', 1, 'BAIK'),
(1499, '02.02.18.AS.OR.KB14', 'KAOS TIM BASKET', 'STANDAR', 'BUAH', 18, '2019', 1, 'BAIK'),
(1500, '02.02.18.AS.OR.KB15', 'KAOS TIM BASKET', 'STANDAR', 'BUAH', 18, '2019', 1, 'BAIK'),
(1501, '02.02.18.AS.OR.KB16', 'KAOS TIM BASKET', 'STANDAR', 'BUAH', 18, '2019', 1, 'BAIK'),
(1502, '02.02.18.AS.OR.KB17', 'KAOS TIM BASKET', 'STANDAR', 'BUAH', 18, '2019', 1, 'BAIK'),
(1503, '02.02.18.AS.OR.KB18', 'KAOS TIM BASKET', 'STANDAR', 'BUAH', 18, '2019', 1, 'BAIK'),
(1504, '02.02.18.AS.OR.KB19', 'KAOS TIM BASKET', 'STANDAR', 'BUAH', 18, '2019', 1, 'BAIK'),
(1505, '02.02.18.AS.OR.KB20', 'KAOS TIM BASKET', 'STANDAR', 'BUAH', 18, '2019', 1, 'BAIK'),
(1506, '02.02.18.AS.OR.VPa1', 'KAOS TIM VOLI PUTRA', 'STANDAR', 'BUAH', 18, '2019', 1, 'BAIK'),
(1507, '02.02.18.AS.OR.VPa2', 'KAOS TIM VOLI PUTRA', 'STANDAR', 'BUAH', 18, '2019', 1, 'BAIK'),
(1508, '02.02.18.AS.OR.VPa3', 'KAOS TIM VOLI PUTRA', 'STANDAR', 'BUAH', 18, '2019', 1, 'BAIK'),
(1509, '02.02.18.AS.OR.VPa4', 'KAOS TIM VOLI PUTRA', 'STANDAR', 'BUAH', 18, '2019', 1, 'BAIK'),
(1510, '02.02.18.AS.OR.VPa5', 'KAOS TIM VOLI PUTRA', 'STANDAR', 'BUAH', 18, '2019', 1, 'BAIK'),
(1511, '02.02.18.AS.OR.VPa6', 'KAOS TIM VOLI PUTRA', 'STANDAR', 'BUAH', 18, '2019', 1, 'BAIK'),
(1512, '02.02.18.AS.OR.VPa7', 'KAOS TIM VOLI PUTRA', 'STANDAR', 'BUAH', 18, '2019', 1, 'BAIK'),
(1513, '02.02.18.AS.OR.VPa8', 'KAOS TIM VOLI PUTRA', 'STANDAR', 'BUAH', 18, '2019', 1, 'BAIK'),
(1514, '02.02.18.AS.OR.VPa9', 'KAOS TIM VOLI PUTRA', 'STANDAR', 'BUAH', 18, '2019', 1, 'BAIK'),
(1515, '02.02.18.AS.OR.VPa10', 'KAOS TIM VOLI PUTRA', 'STANDAR', 'BUAH', 18, '2019', 1, 'BAIK'),
(1516, '02.02.18.AS.OR.VPa11', 'KAOS TIM VOLI PUTRA', 'STANDAR', 'BUAH', 18, '2019', 1, 'BAIK'),
(1517, '02.02.18.AS.OR.VPa12', 'KAOS TIM VOLI PUTRA', 'STANDAR', 'BUAH', 18, '2019', 1, 'BAIK'),
(1518, '02.02.18.AS.OR.VPa13', 'KAOS TIM VOLI PUTRA', 'STANDAR', 'BUAH', 18, '2019', 1, 'BAIK'),
(1519, '02.02.18.AS.OR.VPa14', 'KAOS TIM VOLI PUTRA', 'STANDAR', 'BUAH', 18, '2019', 1, 'BAIK'),
(1520, '02.02.18.AS.OR.VPa15', 'KAOS TIM VOLI PUTRA', 'STANDAR', 'BUAH', 18, '2019', 1, 'BAIK'),
(1521, '02.02.18.AS.OR.VPa16', 'KAOS TIM VOLI PUTRA', 'STANDAR', 'BUAH', 18, '2019', 1, 'BAIK'),
(1522, '02.02.18.AS.OR.VPa17', 'KAOS TIM VOLI PUTRA', 'STANDAR', 'BUAH', 18, '2019', 1, 'BAIK'),
(1523, '02.02.18.AS.OR.VPa18', 'KAOS TIM VOLI PUTRA', 'STANDAR', 'BUAH', 18, '2019', 1, 'BAIK'),
(1524, '02.02.18.AS.OR.VPa19', 'KAOS TIM VOLI PUTRA', 'STANDAR', 'BUAH', 18, '2019', 1, 'BAIK'),
(1525, '02.02.18.AS.OR.VPa20', 'KAOS TIM VOLI PUTRA', 'STANDAR', 'BUAH', 18, '2019', 1, 'BAIK'),
(1526, '02.02.18.AS.OR.VPa21', 'KAOS TIM VOLI PUTRA', 'STANDAR', 'BUAH', 18, '2019', 1, 'BAIK'),
(1527, '02.02.18.AS.OR.VPa22', 'KAOS TIM VOLI PUTRA', 'STANDAR', 'BUAH', 18, '2019', 1, 'BAIK'),
(1528, '02.02.18.AS.OR.VPa23', 'KAOS TIM VOLI PUTRA', 'STANDAR', 'BUAH', 18, '2019', 1, 'BAIK'),
(1529, '02.02.18.AS.OR.VPa24', 'KAOS TIM VOLI PUTRA', 'STANDAR', 'BUAH', 18, '2019', 1, 'BAIK'),
(1530, '02.02.18.AS.OR.VPa25', 'KAOS TIM VOLI PUTRA', 'STANDAR', 'BUAH', 18, '2019', 1, 'BAIK'),
(1531, '02.02.18.AS.OR.VPa26', 'KAOS TIM VOLI PUTRA', 'STANDAR', 'BUAH', 18, '2019', 1, 'BAIK'),
(1532, '02.02.18.AS.OR.VPa27', 'KAOS TIM VOLI PUTRA', 'STANDAR', 'BUAH', 18, '2019', 1, 'BAIK'),
(1533, '02.02.18.AS.OR.VPa28', 'KAOS TIM VOLI PUTRA', 'STANDAR', 'BUAH', 18, '2019', 1, 'BAIK'),
(1534, '02.02.18.AS.OR.VPa29', 'KAOS TIM VOLI PUTRA', 'STANDAR', 'BUAH', 18, '2019', 1, 'BAIK'),
(1535, '02.02.18.AS.OR.VPa30', 'KAOS TIM VOLI PUTRA', 'STANDAR', 'BUAH', 18, '2019', 1, 'BAIK'),
(1536, '02.02.18.AS.OR.VPa31', 'KAOS TIM VOLI PUTRA', 'STANDAR', 'BUAH', 18, '2019', 1, 'BAIK'),
(1537, '02.02.18.AS.OR.VPa32', 'KAOS TIM VOLI PUTRA', 'STANDAR', 'BUAH', 18, '2019', 1, 'BAIK'),
(1538, '02.02.18.AS.OR.VPa33', 'KAOS TIM VOLI PUTRA', 'STANDAR', 'BUAH', 18, '2019', 1, 'BAIK'),
(1539, '02.02.18.AS.OR.VPa34', 'KAOS TIM VOLI PUTRA', 'STANDAR', 'BUAH', 18, '2019', 1, 'BAIK'),
(1540, '02.02.18.AS.OR.VPa35', 'KAOS TIM VOLI PUTRA', 'STANDAR', 'BUAH', 18, '2019', 1, 'BAIK'),
(1541, '02.02.18.AS.OR.VPa36', 'KAOS TIM VOLI PUTRA', 'STANDAR', 'BUAH', 18, '2019', 1, 'BAIK'),
(1542, '02.02.18.AS.OR.VPi1', 'KAOS TIM VOLI PUTRI', 'STANDAR', 'BUAH', 18, '2019', 1, 'BAIK'),
(1543, '02.02.18.AS.OR.VPi2', 'KAOS TIM VOLI PUTRI', 'STANDAR', 'BUAH', 18, '2019', 1, 'BAIK'),
(1544, '02.02.18.AS.OR.VPi3', 'KAOS TIM VOLI PUTRI', 'STANDAR', 'BUAH', 18, '2019', 1, 'BAIK'),
(1545, '02.02.18.AS.OR.VPi4', 'KAOS TIM VOLI PUTRI', 'STANDAR', 'BUAH', 18, '2019', 1, 'BAIK'),
(1546, '02.02.18.AS.OR.VPi5', 'KAOS TIM VOLI PUTRI', 'STANDAR', 'BUAH', 18, '2019', 1, 'BAIK'),
(1547, '02.02.18.AS.OR.VPi6', 'KAOS TIM VOLI PUTRI', 'STANDAR', 'BUAH', 18, '2019', 1, 'BAIK'),
(1548, '02.02.18.AS.OR.VPi7', 'KAOS TIM VOLI PUTRI', 'STANDAR', 'BUAH', 18, '2019', 1, 'BAIK'),
(1549, '02.02.18.AS.OR.VPi8', 'KAOS TIM VOLI PUTRI', 'STANDAR', 'BUAH', 18, '2019', 1, 'BAIK'),
(1550, '02.02.18.AS.OR.VPi9', 'KAOS TIM VOLI PUTRI', 'STANDAR', 'BUAH', 18, '2019', 1, 'BAIK'),
(1551, '02.02.18.AS.OR.VPi10', 'KAOS TIM VOLI PUTRI', 'STANDAR', 'BUAH', 18, '2019', 1, 'BAIK'),
(1552, '02.02.18.AS.OR.VPi11', 'KAOS TIM VOLI PUTRI', 'STANDAR', 'BUAH', 18, '2019', 1, 'BAIK'),
(1553, '02.02.18.AS.OR.VPi12', 'KAOS TIM VOLI PUTRI', 'STANDAR', 'BUAH', 18, '2019', 1, 'BAIK');
INSERT INTO `tb_baranginv` (`id_baranginv`, `kode_inv`, `barang`, `merk`, `satuan`, `id_kategori`, `th_beli`, `id_kondisi`, `keterangan`) VALUES
(1554, '02.02.18.AS.OR.VPi13', 'KAOS TIM VOLI PUTRI', 'STANDAR', 'BUAH', 18, '2019', 1, 'BAIK'),
(1555, '02.02.18.AS.OR.VPi14', 'KAOS TIM VOLI PUTRI', 'STANDAR', 'BUAH', 18, '2019', 1, 'BAIK'),
(1556, '02.02.18.AS.OR.VPi15', 'KAOS TIM VOLI PUTRI', 'STANDAR', 'BUAH', 18, '2019', 1, 'BAIK'),
(1557, '02.02.18.AS.OR.VPi16', 'KAOS TIM VOLI PUTRI', 'STANDAR', 'BUAH', 18, '2019', 1, 'BAIK'),
(1558, '02.02.18.AS.OR.VPi17', 'KAOS TIM VOLI PUTRI', 'STANDAR', 'BUAH', 18, '2019', 1, 'BAIK'),
(1559, '02.02.18.AS.OR.VPi18', 'KAOS TIM VOLI PUTRI', 'STANDAR', 'BUAH', 18, '2019', 1, 'BAIK'),
(1560, '02.02.18.AS.OR.VPi19', 'KAOS TIM VOLI PUTRI', 'STANDAR', 'BUAH', 18, '2019', 1, 'BAIK'),
(1561, '02.02.18.AS.OR.VPi20', 'KAOS TIM VOLI PUTRI', 'STANDAR', 'BUAH', 18, '2019', 1, 'BAIK'),
(1562, '02.02.18.AS.OR.VPi21', 'KAOS TIM VOLI PUTRI', 'STANDAR', 'BUAH', 18, '2019', 1, 'BAIK'),
(1563, '02.02.18.AS.OR.VPi22', 'KAOS TIM VOLI PUTRI', 'STANDAR', 'BUAH', 18, '2019', 1, 'BAIK'),
(1564, '02.02.18.AS.OR.VPi23', 'KAOS TIM VOLI PUTRI', 'STANDAR', 'BUAH', 18, '2019', 1, 'BAIK'),
(1565, '02.02.18.AS.OR.VPi24', 'KAOS TIM VOLI PUTRI', 'STANDAR', 'BUAH', 18, '2019', 1, 'BAIK'),
(1566, '02.02.18.AS.OR.ATL1', 'KAOS TIM ATLETIK SINGLET', 'STANDAR', 'BUAH', 18, '2019', 1, 'BAIK'),
(1567, '02.02.18.AS.OR.ATL2', 'KAOS TIM ATLETIK SINGLET', 'STANDAR', 'BUAH', 18, '2019', 1, 'BAIK'),
(1568, '02.02.18.AS.OR.ATL3', 'KAOS TIM ATLETIK SINGLET', 'STANDAR', 'BUAH', 18, '2019', 1, 'BAIK'),
(1569, '02.02.18.AS.OR.ATL4', 'KAOS TIM ATLETIK SINGLET', 'STANDAR', 'BUAH', 18, '2019', 1, 'BAIK'),
(1570, '02.02.18.AS.OR.ATL5', 'KAOS TIM ATLETIK SINGLET', 'STANDAR', 'BUAH', 18, '2019', 1, 'BAIK'),
(1571, '02.02.18.AS.OR.ATL6', 'KAOS TIM ATLETIK SINGLET', 'STANDAR', 'BUAH', 18, '2019', 1, 'BAIK'),
(1572, '02.02.18.AS.OR.ATL7', 'KAOS TIM ATLETIK SINGLET', 'STANDAR', 'BUAH', 18, '2019', 1, 'BAIK'),
(1573, '02.02.18.AS.OR.ATL8', 'KAOS TIM ATLETIK SINGLET', 'STANDAR', 'BUAH', 18, '2019', 1, 'BAIK'),
(1574, '02.02.18.AS.OR.ATL9', 'KAOS TIM ATLETIK SINGLET', 'STANDAR', 'BUAH', 18, '2019', 1, 'BAIK'),
(1575, '02.02.18.AS.OR.ATL10', 'KAOS TIM ATLETIK SINGLET', 'STANDAR', 'BUAH', 18, '2019', 1, 'BAIK'),
(1576, '02.02.18.AS.OR.ATL11', 'KAOS TIM ATLETIK SINGLET', 'STANDAR', 'BUAH', 18, '2019', 1, 'BAIK'),
(1577, '02.02.18.AS.OR.ATL12', 'KAOS TIM ATLETIK SINGLET', 'STANDAR', 'BUAH', 18, '2019', 1, 'BAIK'),
(1578, '02.02.18.AS.OR.ATL13', 'KAOS TIM ATLETIK SINGLET', 'STANDAR', 'BUAH', 18, '2019', 1, 'BAIK'),
(1579, '02.02.18.AS.OR.ATL14', 'KAOS TIM ATLETIK SINGLET', 'STANDAR', 'BUAH', 18, '2019', 1, 'BAIK'),
(1580, '02.02.18.AS.OR.ATL15', 'KAOS TIM ATLETIK SINGLET', 'STANDAR', 'BUAH', 18, '2019', 1, 'BAIK'),
(1581, '02.02.18.AS.OR.ATL16', 'KAOS TIM ATLETIK SINGLET', 'STANDAR', 'BUAH', 18, '2019', 1, 'BAIK'),
(1582, '02.02.18.AS.OR.ATL17', 'KAOS TIM ATLETIK SINGLET', 'STANDAR', 'BUAH', 18, '2019', 1, 'BAIK'),
(1583, '02.02.18.AS.OR.ATL18', 'KAOS TIM ATLETIK SINGLET', 'STANDAR', 'BUAH', 18, '2019', 1, 'BAIK'),
(1584, '02.02.18.AS.OR.ATL19', 'KAOS TIM ATLETIK SINGLET', 'STANDAR', 'BUAH', 18, '2019', 1, 'BAIK'),
(1585, '02.02.18.AS.OR.ATL20', 'KAOS TIM ATLETIK SINGLET', 'STANDAR', 'BUAH', 18, '2019', 1, 'BAIK'),
(1586, '02.02.18.AS.OR.ATL21', 'KAOS TIM ATLETIK SINGLET', 'STANDAR', 'BUAH', 18, '2019', 1, 'BAIK'),
(1587, '02.02.18.AS.OR.ATL22', 'KAOS TIM ATLETIK SINGLET', 'STANDAR', 'BUAH', 18, '2019', 1, 'BAIK'),
(1588, '02.02.18.AS.OR.ATL23', 'KAOS TIM ATLETIK SINGLET', 'STANDAR', 'BUAH', 18, '2019', 1, 'BAIK'),
(1589, '02.02.18.AS.OR.ATL24', 'KAOS TIM ATLETIK SINGLET', 'STANDAR', 'BUAH', 18, '2019', 1, 'BAIK'),
(1590, '02.02.18.AS.OR.ATL25', 'KAOS TIM ATLETIK SINGLET', 'STANDAR', 'BUAH', 18, '2019', 1, 'BAIK'),
(1591, '02.02.18.AS.OR.ATL26', 'KAOS TIM ATLETIK SINGLET', 'STANDAR', 'BUAH', 18, '2019', 1, 'BAIK'),
(1592, '02.02.18.AS.OR.ATL27', 'KAOS TIM ATLETIK SINGLET', 'STANDAR', 'BUAH', 18, '2019', 1, 'BAIK'),
(1593, '02.02.18.AS.OR.ATL28', 'KAOS TIM ATLETIK SINGLET', 'STANDAR', 'BUAH', 18, '2019', 1, 'BAIK'),
(1594, '02.02.18.AS.OR.ATL29', 'KAOS TIM ATLETIK SINGLET', 'STANDAR', 'BUAH', 18, '2019', 1, 'BAIK'),
(1595, '02.02.18.AS.OR.ATL30', 'KAOS TIM ATLETIK SINGLET', 'STANDAR', 'BUAH', 18, '2019', 1, 'BAIK'),
(1596, '02.02.18.AS.OR.PS1', 'PAPAN SKOR', 'STANDAR', 'UNIT', 18, '2019', 1, 'BAIK'),
(1597, '02.02.18.AS.OR.PS2', 'PAPAN SKOR', 'STANDAR', 'UNIT', 18, '2019', 1, 'BAIK'),
(1598, '02.02.18.AS.OR.BK1', 'BOLA TENIS / KASTI', 'STANDAR', 'BUAH', 18, '2019', 1, 'BAIK'),
(1599, '02.02.18.AS.OR.BK2', 'BOLA TENIS / KASTI', 'STANDAR', 'BUAH', 18, '2019', 1, 'BAIK'),
(1600, '02.02.18.AS.OR.BK3', 'BOLA TENIS / KASTI', 'STANDAR', 'BUAH', 18, '2019', 1, 'BAIK'),
(1601, '02.02.18.AS.OR.BK4', 'BOLA TENIS / KASTI', 'STANDAR', 'BUAH', 18, '2019', 1, 'BAIK'),
(1602, '02.02.18.AS.OR.BK5', 'BOLA TENIS / KASTI', 'STANDAR', 'BUAH', 18, '2019', 1, 'BAIK'),
(1603, '02.02.18.AS.OR.BK6', 'BOLA TENIS / KASTI', 'STANDAR', 'BUAH', 18, '2019', 1, 'BAIK'),
(1604, '02.02.18.AS.OR.BK7', 'BOLA TENIS / KASTI', 'STANDAR', 'BUAH', 18, '2019', 1, 'BAIK'),
(1605, '02.02.18.AS.OR.BK8', 'BOLA TENIS / KASTI', 'STANDAR', 'BUAH', 18, '2019', 1, 'BAIK'),
(1606, '02.02.18.AS.OR.PK1', 'PEMUKUL  KASTI', 'STANDAR', 'BUAH', 18, '2019', 1, 'BAIK'),
(1607, '02.02.18.AS.OR.PK2', 'PEMUKUL  KASTI', 'STANDAR', 'BUAH', 18, '2019', 1, 'BAIK'),
(1608, '02.02.18.AS.OR.BEN', 'BENDERA SKOR', 'STANDAR', 'BUAH', 18, '2019', 1, 'BAIK'),
(1609, '02.06.02.01.06.HM1', 'KURSI KAYU', '-', 'BUAH', 6, '2011', 1, 'BAIK'),
(1610, '02.06.02.01.06.HM2', 'KURSI KAYU', '-', 'BUAH', 6, '2011', 1, 'BAIK'),
(1611, '02.06.02.01.06.HM3', 'KURSI KAYU', '-', 'BUAH', 6, '2011', 1, 'BAIK'),
(1612, '02.06.02.01.06.HM4', 'KURSI KAYU', '-', 'BUAH', 6, '2011', 1, 'BAIK'),
(1613, '02.06.02.01.06.HM5', 'KURSI KAYU', '-', 'BUAH', 6, '2011', 1, 'BAIK'),
(1614, '02.06.02.01.06.meja.HM1', 'MEJA KAYU', '-', 'BUAH', 6, '2011', 1, 'BAIK'),
(1615, '02.06.02.01.06.meja.HM2', 'MEJA KAYU', '-', 'BUAH', 6, '2011', 1, 'BAIK'),
(1616, '02.06.02.01.06.meja.HM3', 'MEJA KAYU', '-', 'BUAH', 6, '2011', 1, 'BAIK'),
(1617, '02.06.02.01.06.meja.HM4', 'MEJA KAYU', '-', 'BUAH', 6, '2011', 1, 'BAIK'),
(1618, '02.06.02.01.06.meja.HM5', 'MEJA KAYU', '-', 'BUAH', 3, '2011', 1, 'BAIK'),
(1619, '02.06.02.01.06.meja.HM6', 'MEJA KAYU', '-', 'BUAH', 6, '2011', 1, 'BAIK'),
(1620, '02.06.02.01.06.meja.HM7', 'MEJA KAYU', '-', 'BUAH', 6, '2011', 1, 'BAIK'),
(1621, 'PERALATAN_BENGKEL.GAS_ANALIZER1', 'GAS ANALIZER', 'HANATECH', 'BUAH', 4, '2006', 1, 'JELEK'),
(1622, 'PERALATAN_BENGKEL.GAS_ANALIZER2', 'GAS ANALIZER', 'QROTECH', 'BUAH', 4, '2020', 1, 'BAIK'),
(1623, 'PERALATAN_BENGKEL.SCANNER1', 'SCANNER', 'LAUNCH', 'BUAH', 4, '2017', 1, 'BAIK'),
(1624, 'PERALATAN_BENGKEL.SCANNER2', 'SCANNER', 'LAUNCH', 'BUAH', 4, '2017', 1, 'BAIK'),
(1625, 'PERALATAN_BENGKEL.SCANNER3', 'SCANNER', 'LAUNCH', 'BUAH', 4, '2017', 1, 'BAIK'),
(1626, 'PERALATAN_BENGKEL.SCANNER4', 'SCANNER', 'LAUNCH', 'BUAH', 4, '2020', 1, 'BAIK'),
(1627, 'PERALATAN_BENGKEL.MANIFOLD1', 'MANIFOLD GAUGE', 'VALUE', 'BUAH', 4, '2019', 1, 'BAIK'),
(1628, 'PERALATAN_BENGKEL.MANIFOLD2', 'MANIFOLD GAUGE', 'VALUE', 'BUAH', 4, '2019', 1, 'BAIK'),
(1629, 'PERALATAN_BENGKEL.MANIFOLD3', 'MANIFOLD GAUGE', 'VALUE', 'BUAH', 4, '2019', 1, 'BAIK'),
(1630, 'PERALATAN_BENGKEL.MANIFOLD4', 'MANIFOLD GAUGE', 'VALUE', 'BUAH', 4, '2019', 1, 'BAIK'),
(1631, '02.02.04....4-KS.HM1', 'KUNCI SOKET', 'TEKIRO', 'SET', 4, '2017', 1, 'BAIK'),
(1632, '02.02.04....4-KS.HM2', 'KUNCI SOKET', 'TEKIRO', 'SET', 4, '2017', 1, 'BAIK'),
(1633, '02.02.04....4-KS.HM3', 'KUNCI SOKET', 'TEKIRO', 'SET', 4, '2017', 1, 'BAIK'),
(1634, '02.02.04....4-KS.HM4', 'KUNCI SOKET', 'TEKIRO', 'SET', 4, '2017', 1, 'BAIK'),
(1635, '02.02.04....4-KS.HM5', 'KUNCI SOKET', 'TEKIRO', 'SET', 4, '2017', 1, 'BAIK'),
(1636, '02.02.04....4-KS.HM6', 'KUNCI SOKET', 'TEKIRO', 'SET', 4, '2017', 1, 'BAIK'),
(1637, 'PERALATAN BENGKEL RADIATOR CUP1', 'RADIATOR CUP TESTER', 'TEKIRO', 'SET', 4, '2019', 1, 'BAIK'),
(1638, 'PERALATAN BENGKEL RADIATOR CUP2', 'RADIATOR CUP TESTER', 'TEKIRO', 'SET', 4, '2019', 1, 'BAIK'),
(1639, 'PERALATAN BENGKEL RADIATOR CUP3', 'RADIATOR CUP TESTER', 'TEKIRO', 'SET', 4, '2019', 1, 'BAIK'),
(1640, 'PERALATAN BENGKEL RADIATOR CUP4', 'RADIATOR CUP TESTER', 'GRIP ON', 'SET', 4, '2019', 1, 'BAIK'),
(1641, 'PERALATAN BENGKEL RADIATOR CUP5', 'RADIATOR CUP TESTER', 'GRIP ON', 'SET', 4, '2019', 1, 'BAIK'),
(1642, 'PERALATAN BENGKEL RADIATOR CUP6', 'RADIATOR CUP TESTER', 'GRIP ON', 'SET', 4, '2019', 1, 'BAIK'),
(1643, 'PERALATAN BENGKEL WIFI1', 'WIFI PRINTER', 'LAUNCH', 'BUAH', 4, '2019', 1, 'BAIK'),
(1644, 'PERALATAN BENGKEL WIFI2', 'WIFI PRINTER', 'LAUNCH', 'BUAH', 4, '2019', 1, 'JELEK'),
(1645, 'PERALATAN BENGKEL HIGE 1', 'HIGE GAUGE', 'MITUTOYO', 'BUAH', 4, '2021', 1, 'BAIK'),
(1646, 'PERALATAN BENGKEL KOMPRESI1', 'KOMPRESI TESTER', '-', 'BUAH', 4, '2006', 1, 'BAIK'),
(1647, 'PERALATAN BENGKEL KOMPRESI2', 'KOMPRESI TESTER', '-', 'BUAH', 4, '2006', 1, 'BAIK'),
(1648, '02.02.04....JS MESIN1', 'JACK STAND', 'TEKIRO', 'BUAH', 4, '2017', 1, 'BAIK'),
(1649, '02.02.04.....MESIN2', 'JACK STAND', 'TEKIRO', 'BUAH', 4, '2017', 1, 'BAIK'),
(1650, '02.02.04.....MESIN3', 'JACK STAND', 'TEKIRO', 'BUAH', 4, '2017', 1, 'BAIK'),
(1651, '02.02.04.....MESIN4', 'JACK STAND', 'TEKIRO', 'BUAH', 4, '2017', 1, 'BAIK'),
(1652, '02.02.04.....MESIN5', 'JACK STAND', 'TEKIRO', 'BUAH', 4, '2017', 1, 'BAIK'),
(1653, '02.02.04.....MESIN6', 'JACK STAND', 'TEKIRO', 'BUAH', 4, '2017', 1, 'BAIK'),
(1654, '02.02.04.....MESIN7', 'JACK STAND', 'TEKIRO', 'BUAH', 4, '2017', 1, 'BAIK'),
(1655, '02.02.04.....MESIN8', 'JACK STAND', 'TEKIRO', 'BUAH', 4, '2011', 1, 'BAIK'),
(1656, '02.02.04.....MESIN9', 'JACK STAND', 'TEKIRO', 'BUAH', 4, '2011', 1, 'BAIK'),
(1657, '02.02.04.....MESIN10', 'JACK STAND', 'TEKIRO', 'BUAH', 4, '2011', 1, 'BAIK'),
(1658, '01.03.03.005 KOMPRESOR MESIN1', 'KOMPRESOR', 'SHARK', 'BUAH', 4, '2019', 1, 'BAIK'),
(1659, '02.02.04.....DBUAYA1', 'DONGKRAK BUAYA', 'TEKIRO', 'BUAH', 4, '2019', 1, 'BAIK'),
(1660, '02.02.04.....DBUAYA2', 'DONGKRAK BUAYA', 'TEKIRO', 'BUAH', 4, '2019', 1, 'BAIK'),
(1661, '02.02.04.....DBUAYA3', 'DONGKRAK BUAYA', 'TEKIRO', 'BUAH', 4, '2019', 1, 'BAIK'),
(1662, 'PERALATAN BENGKEL LISTRIK1', 'STAND PENGISIAN', '-', 'BUAH', 4, '2013', 1, 'BAIK'),
(1663, 'PERALATAN BENGKEL LISTRIK2', 'STAND PENGISIAN', '-', 'BUAH', 4, '2013', 1, 'BAIK'),
(1664, 'PERALATAN BENGKEL LISTRIK ST1', 'STAND STATER', '-', 'BUAH', 4, '2013', 1, 'BAIK'),
(1665, 'PERALATAN BENGKEL LISTRIK ST2', 'STAND STATER', '-', 'BUAH', 4, '2013', 1, 'BAIK'),
(1666, 'PERALATAN BENGKEL LISTRIK PW1', 'STAND POWER WINDOW', '-', 'BUAH', 4, '2013', 1, 'BAIK'),
(1667, 'PERALATAN BENGKEL LISTRIK KB1', 'STAND KELISTRIKAN BODY', '-', 'BUAH', 4, '2013', 1, 'BAIK'),
(1668, 'PERALATAN BENGKEL LISTRIK KB2', 'STAND KELISTRIKAN BODY', '-', 'BUAH', 4, '2013', 1, 'BAIK'),
(1669, 'PERALATAN BENGKEL LISTRIK KB3', 'STAND KELISTRIKAN BODY', '-', 'BUAH', 4, '2013', 1, 'BAIK'),
(1670, 'PERALATAN BENGKEL LISTRIK KB4', 'STAND KELISTRIKAN BODY', '-', 'BUAH', 4, '2013', 1, 'BAIK'),
(1671, 'PERALATAN BENGKEL LISTRIK AC1', 'STAND AC', '-', 'BUAH', 4, '2013', 1, 'BAIK'),
(1672, 'PERALATAN BENGKEL LISTRIK AC2', 'STAND AC', '-', 'BUAH', 4, '2013', 1, 'BAIK'),
(1673, 'PERALATAN BENGKEL LISTRIK AC3', 'STAND AC', '-', 'BUAH', 4, '2013', 1, 'BAIK'),
(1674, 'PERALATAN BENGKEL LISTRIK AC4', 'STAND AC', '-', 'BUAH', 4, '2013', 1, 'BAIK'),
(1675, 'PERALATAN BENGKEL LISTRIK AC5', 'STAND AC', '-', 'BUAH', 4, '2011', 1, 'JELEK'),
(1676, 'PERALATAN BENGKEL LISTRIK AC6', 'STAND AC', '-', 'BUAH', 4, '2011', 1, 'JELEK'),
(1677, 'PERALATAN BENGKEL LISTRIK SA1', 'STAND ENGINE KIJANG', '-', 'BUAH', 4, '2006', 1, 'JELEK'),
(1678, 'PERALATAN BENGKEL LISTRIK SA2', 'STAND ENGINE KIJANG', '-', 'BUAH', 4, '2006', 1, 'JELEK'),
(1679, 'PERALATAN BENGKEL LISTRIK SA3', 'STAND ENGINE KIJANG', '-', 'BUAH', 4, '2006', 1, 'JELEK'),
(1680, 'PERALATAN BENGKEL LISTRIK SA4', 'STAND ENGINE KIJANG', '-', 'BUAH', 4, '2006', 1, 'JELEK'),
(1681, 'PERALATAN BENGKEL LISTRIK V 1', 'VACUM AC', 'HAN DEN', 'BUAH', 4, '2017', 1, 'BAIK'),
(1682, 'PERALATAN BENGKEL LISTRIK V 2', 'VACUM AC', 'HAN DEN', 'BUAH', 4, '2017', 1, 'BAIK'),
(1683, '02.06.02.01.06.meja.K1', 'MEJA KAYU', '-', 'BUAH', 6, '2006', 1, 'BAIK'),
(1684, '02.06.02.01.06.meja.K2', 'MEJA KAYU', '-', 'BUAH', 6, '2006', 1, 'BAIK'),
(1685, '02.06.02.01.06.U1', 'KURSI KAYU', '-', 'BUAH', 6, '2013', 1, 'BAIK'),
(1686, '02.06.02.01.06.U2', 'KURSI KAYU', '-', 'BUAH', 6, '2013', 1, 'BAIK'),
(1687, 'PERALATAN BENGKEL LISTRIK ', 'KIPAS ANGIN', 'COSMOS', 'BUAH', 6, '2019', 1, 'BAIK'),
(1688, 'PERALATAN BENGKEL LISTRIK WW', 'STAND WIPER/WASHER', '-', 'BUAH', 4, '2006', 1, 'JELEK'),
(1689, '02.06.02.01.06.mejaBKK1', 'MEJA KAYU', '-', 'BUAH', 6, '2013', 1, 'BAIK'),
(1690, '02.06.02.01.06.mejaBKK2', 'MEJA KAYU', '-', 'BUAH', 6, '2013', 1, 'BAIK'),
(1691, '02.06.02.01.06.mejaBKK3', 'MEJA KAYU', '-', 'BUAH', 6, '2013', 1, 'BAIK'),
(1692, '02.06.02.01.06.KURSI BKK1', 'KURSI KAYU', '-', 'BUAH', 6, '2019', 1, 'BAIK'),
(1693, '02.06.02.01.06.KURSI BKK2', 'KURSI KAYU', '-', 'BUAH', 6, '2019', 1, 'BAIK'),
(1694, '02.06.02.01.06.KURSI BKK3', 'KURSI KAYU', '-', 'BUAH', 6, '2019', 1, 'BAIK'),
(1695, '02.06.02.01.06.KOMPUTER BKK1', 'KOMPUTER', '-', 'UNIT', 55, '2013', 1, 'BAIK'),
(1696, '02.06.02.01.06.KOMPUTER BKK2', 'KOMPUTER', '-', 'UNIT', 55, '2013', 1, 'BAIK'),
(1697, '02.06.02.01.06.RUTERWIFI BKK1', 'RUTER WIFI', 'TP-LINK', 'BUAH', 56, '2011', 1, 'BAIK'),
(1698, '02.02.04PT-BKK1', 'PAPAN TULIS', '-', 'BUAH', 6, '2013', 1, 'BAIK'),
(1699, '02.06.02.01.06.AC-BKK1', 'AC RUANGAN', 'POLITRON', 'BUAH', 6, '2019', 1, 'BAIK'),
(1700, '02.02.04.RAK-BKK1', 'RAK /LEMARI', '-', 'BUAH', 6, '2019', 1, 'BAIK'),
(1701, 'PERALATAN BENGKEL M 1', 'MULTITESTER', 'SANWA', 'BUAH', 4, '2017', 1, 'BAIK'),
(1702, 'PERALATAN BENGKEL M 2', 'MULTITESTER', 'SANWA', 'BUAH', 4, '2017', 1, 'BAIK'),
(1703, 'PERALATAN BENGKEL M 3', 'MULTITESTER', 'SANWA', 'BUAH', 4, '2017', 1, 'BAIK'),
(1704, 'PERALATAN BENGKEL M 4', 'MULTITESTER', 'SANWA', 'BUAH', 4, '2017', 1, 'BAIK'),
(1705, 'PERALATAN BENGKEL M 5', 'MULTITESTER', 'SANWA', 'BUAH', 4, '2017', 1, 'BAIK'),
(1706, '02.02.04.....M1', 'KUNCI MOMENT', 'BRITOOL', 'BUAH', 4, '2011', 1, 'BAIK'),
(1707, '02.02.04.....M2', 'KUNCI MOMENT', 'BRITOOL', 'BUAH', 4, '2011', 1, 'BAIK'),
(1708, 'PERALATAN BENGKEL ENGINE1', 'DRAKBAR', 'TEKIRO', 'BUAH', 4, '2019', 1, 'BAIK'),
(1709, 'PERALATAN BENGKEL ENGINE2', 'DRAKBAR', 'TEKIRO', 'BUAH', 4, '2019', 1, 'BAIK'),
(1710, 'PERALATAN BENGKEL ENGINE3', 'DRAKBAR', 'TEKIRO', 'BUAH', 4, '2019', 1, 'BAIK'),
(1711, 'CADDY1', 'CADDY TOOL', 'TENKA', 'BUAH', 4, '2019', 1, 'BAIK'),
(1712, 'CADDY2', 'CADDY TOOL', 'TENKA', 'BUAH', 4, '2019', 1, 'BAIK'),
(1713, 'CADDY3', 'CADDY TOOL', 'KRISBOW', 'BUAH', 4, '2019', 1, 'BAIK'),
(1714, 'CADDY4', 'CADDY TOOL', 'KRISBOW', 'BUAH', 4, '2019', 1, 'BAIK'),
(1715, 'CADDY5', 'CADDY TOOL', 'KRISBOW', 'BUAH', 4, '2019', 1, 'BAIK'),
(1716, 'BLOCK V1', 'BLOCK V', 'TEKIRO', 'BUAH', 4, '2013', 1, 'BAIK'),
(1717, 'BLOCK V2', 'BLOCK V', 'TEKIRO', 'SET', 4, '2013', 1, 'BAIK'),
(1718, 'OB1', 'OBENG +', 'TEKIRO', 'BUAH', 4, '2013', 1, 'BAIK'),
(1719, 'OB2', 'OBENG +', 'TEKIRO', 'BUAH', 4, '2013', 1, 'BAIK'),
(1720, 'OB3', 'OBENG +', 'TEKIRO', 'BUAH', 4, '2013', 1, 'BAIK'),
(1721, 'OB4', 'OBENG +', 'TEKIRO', 'BUAH', 4, '2013', 1, 'BAIK'),
(1722, 'OB5', 'OBENG +', 'TEKIRO', 'BUAH', 4, '2013', 1, 'BAIK'),
(1723, 'OB.1', 'OBENG -', 'TEKIRO', 'BUAH', 4, '2011', 1, 'BAIK'),
(1724, 'OB.2', 'OBENG -', 'TEKIRO', 'BUAH', 4, '2011', 1, 'BAIK'),
(1725, 'OB.3', 'OBENG -', 'TEKIRO', 'BUAH', 4, '2011', 1, 'BAIK'),
(1726, 'OB.4', 'OBENG -', 'TEKIRO', 'BUAH', 4, '2011', 1, 'BAIK'),
(1727, 'OB.5', 'OBENG -', 'TEKIRO', 'BUAH', 4, '2011', 1, 'BAIK'),
(1728, 'SST1', 'SST KEPALA SILINDER AVANZA', 'TEKIRO', 'BUAH', 4, '2019', 1, 'BAIK'),
(1729, 'SST2', 'SST KEPALA SILINDER AVANZA', 'TEKIRO', 'BUAH', 4, '2019', 1, 'BAIK'),
(1730, 'SST3', 'SST KEPALA SILINDER AVANZA', 'TEKIRO', 'BUAH', 4, '2019', 1, 'BAIK'),
(1731, 'SST4', 'SST KEPALA SILINDER AVANZA', 'TEKIRO', 'BUAH', 4, '2019', 1, 'BAIK'),
(1732, 'K INGGRIS 1', 'KUNCI INGGRIS', 'DIAMOND', 'BUAH', 4, '2017', 1, 'BAIK'),
(1733, 'K INGGRIS 2', 'KUNCI INGGRIS', 'DIAMOND', 'BUAH', 4, '2017', 1, 'BAIK'),
(1734, 'F1', 'FEELER GAUGE', 'TEKIRO', 'BUAH', 4, '2019', 1, 'BAIK'),
(1735, 'F2', 'FEELER GAUGE', 'TEKIRO', 'BUAH', 4, '2019', 1, 'BAIK'),
(1736, 'F3', 'FEELER GAUGE', 'TEKIRO', 'BUAH', 4, '2019', 1, 'BAIK'),
(1737, 'F4', 'FEELER GAUGE', 'TEKIRO', 'BUAH', 4, '2019', 1, 'BAIK'),
(1738, 'F5', 'FEELER GAUGE', 'TEKIRO', 'BUAH', 4, '2019', 1, 'BAIK'),
(1739, 'F6', 'FEELER GAUGE', 'TEKIRO', 'BUAH', 4, '2019', 1, 'BAIK'),
(1740, 'F7', 'FEELER GAUGE', 'TEKIRO', 'BUAH', 4, '2019', 1, 'BAIK'),
(1741, 'F8', 'FEELER GAUGE', 'TEKIRO', 'BUAH', 4, '2019', 1, 'BAIK'),
(1742, 'SNAP1', 'TANG SNAPRING', 'TEKIRO', 'BUAH', 4, '2013', 1, 'BAIK'),
(1743, 'SNAP2', 'TANG SNAPRING', 'TEKIRO', 'BUAH', 4, '2013', 1, 'BAIK'),
(1744, 'T LINGH 1', 'TIMING LIGHT', '-', 'BUAH', 4, '2006', 1, 'BAIK'),
(1745, 'T LINGH 2', 'TIMING LIGHT', '-', 'BUAH', 4, '2006', 1, 'BAIK'),
(1746, 'J SORONG1', 'JANGKA SORONG', 'MITUTOYO', 'BUAH', 4, '2017', 1, 'BAIK'),
(1747, 'J SORONG2', 'JANGKA SORONG', 'MITUTOYO', 'BUAH', 4, '2017', 1, 'BAIK'),
(1748, 'J SORONG3', 'JANGKA SORONG', 'MITUTOYO', 'BUAH', 4, '2017', 1, 'BAIK'),
(1749, 'J SORONG4', 'JANGKA SORONG', 'MITUTOYO', 'BUAH', 4, '2017', 1, 'BAIK'),
(1750, 'J SORONG5', 'JANGKA SORONG', 'MITUTOYO', 'BUAH', 4, '2017', 1, 'BAIK'),
(1751, 'J SORONG6', 'JANGKA SORONG', 'MITUTOYO', 'BUAH', 4, '2017', 1, 'BAIK'),
(1752, 'J SORONG7', 'JANGKA SORONG', 'MITUTOYO', 'BUAH', 4, '2017', 1, 'BAIK'),
(1753, 'J SORONG8', 'JANGKA SORONG', 'MITUTOYO', 'BUAH', 4, '2017', 1, 'BAIK'),
(1754, 'J SORONG9', 'JANGKA SORONG', 'MITUTOYO', 'BUAH', 4, '2017', 1, 'BAIK'),
(1755, 'J SORONG10', 'JANGKA SORONG', 'MITUTOYO', 'BUAH', 4, '2017', 1, 'BAIK'),
(1756, 'PLASTIK 1', 'PLASTIK GAUGE', '-', 'BUAH', 4, '2017', 1, 'BAIK'),
(1757, 'PLASTIK 2', 'PLASTIK GAUGE', '-', 'BUAH', 4, '2019', 1, 'BAIK'),
(1758, 'T LANCIP1', 'TANG LANCIP', 'TEKIRO', 'BUAH', 4, '2017', 1, 'BAIK'),
(1759, 'T LANCIP2', 'TANG LANCIP', 'TEKIRO', 'BUAH', 4, '2017', 1, 'BAIK'),
(1760, 'T KOMB1', 'TANG KOMBINASI', 'TEKIRO', 'BUAH', 2, '2017', 1, 'BAIK'),
(1761, 'T KOMB2', 'TANG KOMBINASI', 'TEKIRO', 'BUAH', 4, '2017', 1, 'BAIK'),
(1762, 'L 1', 'KUNCI L', 'TEKIRO', 'SET', 4, '2017', 1, 'BAIK'),
(1763, 'L2', 'KUNCI L', 'TEKIRO', 'SET', 4, '2017', 1, 'BAIK'),
(1764, 'PASS 1', 'KUNCI PAS', 'TEKIRO', 'SET', 4, '2013', 1, 'BAIK'),
(1765, 'PASS R 1', 'KUNCI PAS RING', 'TEKIRO', 'SET', 4, '2013', 1, 'BAIK'),
(1766, 'PASS R 2', 'KUNCI PASRING', 'TEKIRO', 'SET', 4, '2013', 1, 'BAIK'),
(1767, 'PASS R 3', 'KUNCI PASRING', 'TEKIRO', 'SET', 4, '2013', 1, 'BAIK'),
(1768, 'PASS R 4', 'KUNCI PAS RING', 'TEKIRO', 'SET', 4, '2013', 1, 'BAIK'),
(1769, 'K RING 1', 'KUNCI RING', 'TEKIRO', 'SET', 4, '2013', 1, 'BAIK'),
(1770, 'K RING 2', 'KUNCI RING', 'TEKIRO', 'SET', 4, '2013', 1, 'BAIK'),
(1771, 'K RING 3', 'KUNCI RING', 'TEKIRO', 'SET', 4, '2013', 1, 'BAIK'),
(1772, 'K RING 4', 'KUNCI RING', 'TEKIRO', 'SET', 4, '2013', 1, 'BAIK'),
(1773, 'PALLU1', 'PALU', 'KRISBOW', 'BUAH', 4, '2013', 1, 'BAIK'),
(1774, 'PALLU2', 'PALU', '-', 'BUAH', 4, '2013', 1, 'BAIK'),
(1775, 'PALLU3', 'PALU KARET', '-', 'BUAH', 4, '2013', 1, 'BAIK'),
(1776, 'PALLU4', 'PALU KARET', '-', 'BUAH', 4, '2013', 1, 'BAIK'),
(1777, 'PALLU5', 'PALU KARET', '-', 'BUAH', 4, '2013', 1, 'BAIK'),
(1778, 'MIC 1', 'MICKROMETER', 'MITUTOYO', 'BUAH', 4, '2013', 1, 'BAIK'),
(1779, 'MIC 2', 'MICKROMETER', 'MITUTOYO', 'BUAH', 4, '2013', 1, 'BAIK'),
(1780, 'RATTA 1', 'PENGUKUR KERATAAN', '-', 'BUAH', 4, '2017', 1, 'BAIK'),
(1781, 'RATTA 2', 'PENGUKUR KERATAAN', '-', 'BUAH', 4, '2017', 1, 'BAIK'),
(1782, 'DTI 1', 'DIAL INDIKATOR', 'MITUTOYO', 'BUAH', 4, '2013', 1, 'BAIK'),
(1783, 'DTI 2', 'DIAL INDIKATOR', 'MITUTOYO', 'BUAH', 4, '2013', 1, 'BAIK'),
(1784, 'DTI 3', 'DIAL INDIKATOR', 'MITUTOYO', 'BUAH', 4, '2013', 1, 'BAIK'),
(1785, '001', 'AC', 'SHARP', 'UNIT', 43, '2014', 2, 'Baik'),
(1786, '002', 'AC', 'SHARP', 'UNIT', 43, '2014', 1, 'Baik'),
(1787, '003', 'AC', 'POLYTRON', 'UNIT', 43, '2014', 1, 'KURANG DINGIN'),
(1788, '004', 'VINTAGE CORNER', 'KOMBINASI', 'UNIT', 6, '2020', 1, 'Baik'),
(1789, '005', 'RAK SEPATU', 'Standar', 'UNIT', 6, '2020', 1, 'Baik'),
(1790, '006', 'RAK SEPATU', 'Standar', 'UNIT', 6, '2020', 1, 'Baik'),
(1791, '007', 'TEMPAT TAS', 'STANDAR', 'UNIT', 6, '2020', 1, 'Baik'),
(1792, '008', 'TEMPAT TAS', 'STANDAR', 'UNIT', 6, '2020', 1, 'Baik'),
(1793, '009', 'TEMPAT TAS', 'STANDAR', 'UNIT', 6, '2020', 1, 'Baik'),
(1794, 'DIAL BORE G 1', 'DIAL BORE GAUGE', 'MITUTOYO', 'SET', 4, '2017', 1, 'BAIK'),
(1795, 'DIAL BORE G 2', 'DIAL BORE GAUGE', 'MITUTOYO', 'SET', 4, '2017', 1, 'BAIK'),
(1796, 'DIAL BORE G 3', 'DIAL BORE GAUGE', 'MITUTOYO', 'SET', 4, '2017', 1, 'BAIK'),
(1797, 'DIAL BORE G 4', 'DIAL BORE GAUGE', 'MITUTOYO', 'SET', 4, '2017', 1, 'BAIK'),
(1798, 'TACHO DWELL 1', 'TACHO/DWELL METER', '-', 'BUAH', 4, '2013', 1, 'BAIK'),
(1799, 'TACHO DWELL 2', 'TACHO/DWELL METER', '-', 'BUAH', 4, '2013', 1, 'BAIK'),
(1800, 'COMPRESI TESTER 1', 'COMPRESI TESTER', '-', 'BUAH', 4, '2013', 1, 'BAIK'),
(1801, 'COMPRESI TESTER 2', 'COMPRESI TESTER', '-', 'BUAH', 4, '2013', 1, 'BAIK'),
(1802, 'COMP 1', 'COMPRESI VALVE SPRING', '-', 'BUAH', 4, '2013', 1, 'BAIK'),
(1803, 'COMP 2', 'COMPRESI VALVE SPRING', 'TEKIRO', 'BUAH', 4, '2013', 1, 'BAIK'),
(1804, 'COMP 3', 'COMPRESI VALVE SPRING', 'TEKIRO', 'BUAH', 4, '2013', 1, 'BAIK'),
(1805, 'COMP R 1', 'COMPRESI RING', '-', 'BUAH', 4, '2013', 1, 'BAIK'),
(1806, 'COMP R 2', 'COMPRESI RING', '-', 'BUAH', 4, '2013', 1, 'BAIK'),
(1807, 'STAND OH 1', 'STAND OVER HAULE DIESEL', 'MITSHUBISHI', 'BUAH', 4, '2013', 1, 'JELEK'),
(1808, 'STAND OH 2', 'STAND OVER HAULE KIJANG', 'TOYOTA', 'BUAH', 4, '2006', 1, 'JELEK'),
(1809, 'STAND OH 3', 'STAND OVER HAULE AVANZA', 'TOYOTA', 'BUAH', 4, '2017', 1, 'BAIK'),
(1810, 'STAND ENGINE K 1', 'STAND ENGINE KIJANG', 'TOYOTA', 'BUAH', 4, '2006', 1, 'BAIK'),
(1811, 'STAND ENGINE K 2', 'STAND ENGINE KIJANG', 'TOYOTA', 'BUAH', 4, '2006', 1, 'BAIK'),
(1812, 'STAND ENGINE K 3', 'STAND ENGINE AVANZA', 'TOYOTA', 'BUAH', 4, '2017', 1, 'BAIK'),
(1813, 'STAND ENGINE K 4', 'STAND ENGINE AVANZA', 'TOYOTA', 'BUAH', 4, '2017', 1, 'BAIK'),
(1814, 'STAND ENGINE K 5', 'STAND ENGINE DIESEL', 'MITSHUBISHI', 'BUAH', 4, '2013', 1, 'BAIK'),
(1815, 'NAMPAN 1', 'NAMPAN', '-', 'BUAH', 6, '2013', 1, 'BAIK'),
(1816, 'NAMPAN 2', 'NAMPAN', '-', 'BUAH', 6, '2013', 1, 'BAIK'),
(1817, 'K PALANG 1', 'KUNCI RODA PALANG', 'TEKIRO', 'BUAH', 4, '2017', 1, 'BAIK'),
(1818, 'K PALANG 2', 'KUNCI RODA PALANG', 'TEKIRO', 'BUAH', 4, '2017', 1, 'BAIK'),
(1819, 'RAK B 1', 'RAK BESI ', '-', 'BUAH', 4, '2021', 1, 'BAIK'),
(1820, 'RAK B 2', 'RAK BESI ', '-', 'BUAH', 4, '2021', 1, 'BAIK'),
(1821, 'RAK B 3', 'RAK BESI ', '-', 'BUAH', 4, '2021', 1, 'BAIK'),
(1822, '02.06.02.01.06.E 1', 'MEJA KAYU', '-', 'BUAH', 6, '2013', 1, 'BAIK'),
(1823, '02.06.02.01.06.E 2', 'MEJA KAYU', '-', 'BUAH', 6, '2013', 1, 'BAIK'),
(1824, '02.02.04....KUR1', 'KURSI KAYU', '-', 'BUAH', 6, '2013', 1, 'BAIK'),
(1825, 'KUNCI T 1', 'KUNCI T 8', 'TEKIRO', 'BUAH', 4, '2006', 1, 'BAIK'),
(1826, 'KUNCI T 2', 'KUNCI T 8', 'TEKIRO', 'BUAH', 4, '2006', 1, 'BAIK'),
(1827, 'KUNCI T 3', 'KUNCI T 8', 'TEKIRO', 'BUAH', 4, '2006', 1, 'BAIK'),
(1828, 'KUNCI T 4', 'KUNCI T 8', 'TEKIRO', 'BUAH', 4, '2006', 1, 'BAIK'),
(1829, 'KUNCI T 5', 'KUNCI T 10', 'TEKIRO', 'BUAH', 4, '2011', 1, 'BAIK'),
(1830, 'KUNCI T 6', 'KUNCI T 10', 'TEKIRO', 'BUAH', 4, '2017', 1, 'BAIK'),
(1831, 'KUNCI T 7', 'KUNCI T 10', 'TEKIRO', 'BUAH', 4, '2017', 1, 'BAIK'),
(1832, 'KUNCI T 8', 'KUNCI T 10', 'TEKIRO', 'BUAH', 4, '2017', 1, 'BAIK'),
(1833, 'KUNCI T 9', 'KUNCI T 10', 'TEKIRO', 'BUAH', 4, '2017', 1, 'BAIK'),
(1834, 'KUNCI T 10', 'KUNCI T 10', 'TEKIRO', 'BUAH', 4, '2017', 1, 'BAIK'),
(1835, 'IMPACT', 'IMPACT', 'TOKU', 'BUAH', 4, '2013', 1, 'BAIK'),
(1836, '11.01.11.13.010101.00015.00320.2019-1.3.2.05.02.04', 'ALAT KANTOR DAN RUMAH TANGGA.ALAT PENDINGIN .FREEZER', 'STANDAR', 'buah', 6, '2019', 1, 'Baik'),
(1837, '11.01.11.13.010101.00015.00320.2019-1.3.2.05.02.04', 'ALAT KANTOR DAN RUMAH TANGGA.ALAT PENDINGIN .FREEZER', 'STANDAR', 'buah', 6, '2019', 1, 'Baik'),
(1838, '11.01.11.13.010101.00015.00320.2019-1.3.2.05.02.05', 'ALAT KANTOR DAN RUMAH TANGGA.KITCHEN SET', 'STANDAR', 'set', 6, '2019', 1, 'Baik'),
(1839, '11.01.11.13.010101.00015.00320.2019-1.3.2.08.01.56', 'ALAT LABORATORIUM.MEJA KERJA', 'STANDAR', 'buah', 9, '2016', 1, 'baik'),
(1840, '11.01.11.13.010101.00015.00320.2019-1.3.2.08.01.56', 'ALAT LABORATORIUM.MEJA KERJA', 'STANDAR', 'buah', 9, '2016', 1, 'baik'),
(1841, '11.01.11.13.010101.00015.00320.2019-1.3.2.08.01.56', 'ALAT LABORATORIUM.MEJA KERJA', 'STANDAR', 'buah', 9, '2016', 1, 'baik'),
(1842, '11.01.11.13.010101.00015.00320.2019-1.3.2.08.01.56', 'ALAT LABORATORIUM.MEJA KERJA', 'STANDAR', 'buah', 9, '2016', 2, 'baik'),
(1843, '11.01.11.13.010101.00015.00320.2019-1.3.2.08.01.56', 'ALAT LABORATORIUM.MEJA KERJA', 'STANDAR', 'buah', 9, '2016', 1, 'baik'),
(1844, '11.01.11.13.010101.00015.00320.2019-1.3.2.08.01.56', 'ALAT LABORATORIUM.MEJA KERJA', 'STANDAR', 'buah', 9, '2016', 2, 'baik');

-- --------------------------------------------------------

--
-- Table structure for table `tb_detailkeluarhp`
--

CREATE TABLE `tb_detailkeluarhp` (
  `id` int(11) NOT NULL,
  `kode_trans` varchar(10) NOT NULL,
  `nama_pengambil` varchar(50) NOT NULL,
  `tgl_keluar` date NOT NULL,
  `jam_keluar` varchar(10) NOT NULL,
  `id_user` int(3) NOT NULL
) ENGINE=InnoDB DEFAULT CHARSET=latin1;

--
-- Dumping data for table `tb_detailkeluarhp`
--

INSERT INTO `tb_detailkeluarhp` (`id`, `kode_trans`, `nama_pengambil`, `tgl_keluar`, `jam_keluar`, `id_user`) VALUES
(46, 'TR00001', 'Dani', '2023-10-12', '09:00', 1),
(47, 'TR00002', 'Susi', '2023-10-12', '10:00', 1);

-- --------------------------------------------------------

--
-- Table structure for table `tb_gedung`
--

CREATE TABLE `tb_gedung` (
  `id_gedung` int(4) NOT NULL,
  `nama_gedung` varchar(100) NOT NULL,
  `luas` varchar(50) NOT NULL,
  `tahun_p` varchar(5) NOT NULL,
  `sumberdana` varchar(80) NOT NULL
) ENGINE=InnoDB DEFAULT CHARSET=latin1;

--
-- Dumping data for table `tb_gedung`
--

INSERT INTO `tb_gedung` (`id_gedung`, `nama_gedung`, `luas`, `tahun_p`, `sumberdana`) VALUES
(1, 'GEDUNG A', '252', '2016', 'HIBAH');

-- --------------------------------------------------------

--
-- Table structure for table `tb_kategori`
--

CREATE TABLE `tb_kategori` (
  `id_kategori` int(3) NOT NULL,
  `kategori` varchar(200) NOT NULL
) ENGINE=InnoDB DEFAULT CHARSET=latin1;

--
-- Dumping data for table `tb_kategori`
--

INSERT INTO `tb_kategori` (`id_kategori`, `kategori`) VALUES
(1, 'Tanah'),
(2, 'Alat Berat'),
(3, 'Alat Angkutan'),
(4, 'Alat Bengkel dan Alat Ukur'),
(5, 'Alat Pertanian'),
(6, 'Alat Kantor dan Rumah Tangga'),
(7, 'Alat Studio Komunikasi dan Pemancar'),
(8, 'Alat Kedokteran dan Alat Kesehatan'),
(9, 'Alat Laboratorium'),
(10, 'Alat Persenjataan'),
(11, 'Alat Komputer'),
(12, 'Alat Eksplorasi'),
(13, 'Alat Pengeboran'),
(14, 'Alat Produksi, Pengelolaan dan Pemurnian'),
(15, 'Alat Bantu Eksplorasi'),
(16, 'Alat Kesehatan Kerja'),
(17, 'Alat Peraga'),
(18, 'Peralatan Olahraga'),
(19, 'Bangunan Gedung'),
(20, 'Monumen'),
(21, 'Bangunan Menara'),
(22, 'Tugu Titik Kontrol/Pasti'),
(23, 'Alat dan Jembatan'),
(24, 'Bangunan Air'),
(25, 'Instalasi'),
(26, 'Jaringan'),
(27, 'Bahan Perpustakaan'),
(28, 'Barang Bercorak Kesenian/Kebudayaan/Olahraga'),
(29, 'Hewan'),
(30, 'Biota Perairan'),
(31, 'Tanaman'),
(32, 'Barang Koleksi Non Budaya'),
(33, 'Aset Tetap Dalam Renovasi'),
(34, 'Konstruksi Dalam Pengerjaan'),
(35, 'Alat Penyimpanan Perlengkapan Kantor Lemari Besi'),
(36, 'Alat Penyimpanan Perlengkapan Kantor Lemari Kayu'),
(37, 'Alat Penyimpanan Perlengkapan Kantor Lemari Kaca'),
(38, 'Alat Kantor Lainnya. LCD Proyektor/Infocus'),
(39, 'Meubelair Kursi Putar'),
(40, 'Meubelair Meja Komputer'),
(41, 'Meubelair.Lemari Locker'),
(42, 'Meubelair. Meja Guru'),
(43, 'Alat Pendingin AC SPlit'),
(44, 'Alat Pendingin Kipas Angin'),
(45, 'Alat Rumah Tangga Lainnya(Home Use). Lampu'),
(46, 'Peralatan Studio.Audio.UPS'),
(47, 'Peralatan Studi Audio.Delay Unit'),
(48, 'Peralatan Studio Audio.Amplifier'),
(49, 'Peralatan Studio Video dan Film.Off Air TV Monitor'),
(50, 'Alat-alat Sandi Mesin Sandi Berbasis Software'),
(51, 'Radar Primary Surveillance Radar'),
(52, 'Alat Laboratorium Umum Peralatan Samppler Splitter'),
(53, 'Alat Peraga Praktek Sekolah Bidang Studi Kesenian '),
(54, 'Alat Wanteror(Perlawanan Teror)'),
(55, 'Personal Komputer. PC Unit'),
(56, 'Peralatan Jaringan Server'),
(57, 'Alat Penolong.Inflatable Life Craft'),
(58, 'Alat Ukur Peralatan Faslektrik.GPS'),
(59, 'Buku Umum Referensi'),
(76, 'Buku Umum Ilmu Pengetahuan Umum'),
(77, 'Buku Perpustakaan');

-- --------------------------------------------------------

--
-- Table structure for table `tb_keluarhp`
--

CREATE TABLE `tb_keluarhp` (
  `id_keluarhp` int(11) NOT NULL,
  `kode_trans` varchar(10) NOT NULL,
  `id_baranghp` int(11) NOT NULL,
  `jml_keluar` int(11) NOT NULL
) ENGINE=InnoDB DEFAULT CHARSET=latin1;

--
-- Dumping data for table `tb_keluarhp`
--

INSERT INTO `tb_keluarhp` (`id_keluarhp`, `kode_trans`, `id_baranghp`, `jml_keluar`) VALUES
(108, 'TR00001', 1, 1),
(109, 'TR00001', 2, 1),
(110, 'TR00002', 1, 1),
(111, 'TR00002', 2, 1);

-- --------------------------------------------------------

--
-- Table structure for table `tb_keluarhptemp`
--

CREATE TABLE `tb_keluarhptemp` (
  `id` int(11) NOT NULL,
  `id_baranghp` int(11) NOT NULL,
  `qty` int(11) NOT NULL,
  `kode_trans` varchar(10) DEFAULT NULL,
  `tgl` datetime NOT NULL,
  `id_user` int(3) NOT NULL
) ENGINE=InnoDB DEFAULT CHARSET=latin1;

-- --------------------------------------------------------

--
-- Table structure for table `tb_kondisi`
--

CREATE TABLE `tb_kondisi` (
  `id_kondisi` int(2) NOT NULL,
  `kondisi` varchar(50) NOT NULL
) ENGINE=InnoDB DEFAULT CHARSET=utf8mb4;

--
-- Dumping data for table `tb_kondisi`
--

INSERT INTO `tb_kondisi` (`id_kondisi`, `kondisi`) VALUES
(1, 'Baik'),
(2, 'Rusak Ringan'),
(3, 'Rusak Sedang'),
(4, 'Rusak Berat'),
(5, 'Hilang'),
(6, 'Dihapus');

-- --------------------------------------------------------

--
-- Table structure for table `tb_masukhp`
--

CREATE TABLE `tb_masukhp` (
  `id_masukhp` int(11) NOT NULL,
  `id_baranghp` int(11) NOT NULL,
  `tgl_masuk` date NOT NULL,
  `jml_masuk` int(11) NOT NULL
) ENGINE=InnoDB DEFAULT CHARSET=latin1;

--
-- Dumping data for table `tb_masukhp`
--

INSERT INTO `tb_masukhp` (`id_masukhp`, `id_baranghp`, `tgl_masuk`, `jml_masuk`) VALUES
(13, 2, '2023-10-12', 12),
(14, 1, '2023-10-12', 12);

-- --------------------------------------------------------

--
-- Table structure for table `tb_pengurusbarang`
--

CREATE TABLE `tb_pengurusbarang` (
  `id` int(1) NOT NULL,
  `id_user` int(3) NOT NULL
) ENGINE=InnoDB DEFAULT CHARSET=utf8mb4;

--
-- Dumping data for table `tb_pengurusbarang`
--

INSERT INTO `tb_pengurusbarang` (`id`, `id_user`) VALUES
(1, 1);

-- --------------------------------------------------------

--
-- Table structure for table `tb_perbaikan`
--

CREATE TABLE `tb_perbaikan` (
  `id` int(11) NOT NULL,
  `id_baranginv` int(11) NOT NULL,
  `tgl` date NOT NULL,
  `siapa` varchar(50) NOT NULL,
  `no_hp` varchar(20) NOT NULL
) ENGINE=InnoDB DEFAULT CHARSET=utf8mb4;

-- --------------------------------------------------------

--
-- Table structure for table `tb_pindah`
--

CREATE TABLE `tb_pindah` (
  `id_pindah` int(11) NOT NULL,
  `kode_pindah` varchar(10) NOT NULL,
  `id_baranginv` int(11) NOT NULL,
  `status` int(1) NOT NULL,
  `id_ruang` int(3) NOT NULL,
  `id_kondisi` int(2) NOT NULL,
  `tgl_pindah` date NOT NULL,
  `id_user` int(3) NOT NULL
) ENGINE=InnoDB DEFAULT CHARSET=latin1;

--
-- Dumping data for table `tb_pindah`
--

INSERT INTO `tb_pindah` (`id_pindah`, `kode_pindah`, `id_baranginv`, `status`, `id_ruang`, `id_kondisi`, `tgl_pindah`, `id_user`) VALUES
(1, 'PD00001', 1, 1, 26, 0, '2022-11-23', 1),
(2, 'PD00001', 3, 2, 26, 0, '2022-11-23', 1),
(3, 'PD00002', 299, 1, 19, 0, '2022-12-01', 7),
(4, 'PD00002', 308, 1, 19, 0, '2022-12-01', 7),
(5, 'PD00002', 309, 1, 19, 0, '2022-12-01', 7),
(6, 'PD00002', 310, 1, 19, 0, '2022-12-01', 7),
(7, 'PD00002', 314, 1, 19, 0, '2022-12-01', 7),
(8, 'PD00002', 311, 1, 19, 0, '2022-12-01', 7),
(9, 'PD00002', 312, 1, 19, 0, '2022-12-01', 7),
(10, 'PD00002', 313, 1, 19, 0, '2022-12-01', 7),
(11, 'PD00002', 315, 1, 19, 0, '2022-12-01', 7),
(12, 'PD00002', 300, 1, 19, 0, '2022-12-01', 7),
(13, 'PD00002', 301, 1, 19, 0, '2022-12-01', 7),
(14, 'PD00002', 302, 1, 19, 0, '2022-12-01', 7),
(15, 'PD00002', 303, 1, 19, 0, '2022-12-01', 7),
(16, 'PD00002', 304, 1, 19, 0, '2022-12-01', 7),
(17, 'PD00002', 305, 1, 19, 0, '2022-12-01', 7),
(18, 'PD00002', 306, 1, 19, 0, '2022-12-01', 7),
(19, 'PD00002', 307, 1, 19, 0, '2022-12-01', 7),
(20, 'PD00003', 318, 1, 19, 0, '2022-12-01', 7),
(21, 'PD00003', 328, 1, 19, 0, '2022-12-01', 7),
(22, 'PD00003', 330, 1, 19, 0, '2022-12-01', 7),
(23, 'PD00003', 331, 1, 19, 0, '2022-12-01', 7),
(24, 'PD00003', 332, 1, 19, 0, '2022-12-01', 7),
(25, 'PD00003', 319, 1, 19, 0, '2022-12-01', 7),
(26, 'PD00003', 321, 1, 19, 0, '2022-12-01', 7),
(27, 'PD00003', 322, 1, 19, 0, '2022-12-01', 7),
(28, 'PD00003', 323, 1, 19, 0, '2022-12-01', 7),
(29, 'PD00003', 324, 2, 19, 0, '2022-12-01', 7),
(30, 'PD00003', 325, 2, 19, 0, '2022-12-01', 7),
(31, 'PD00003', 326, 1, 19, 0, '2022-12-01', 7),
(32, 'PD00003', 327, 1, 19, 0, '2022-12-01', 7),
(33, 'PD00004', 337, 1, 19, 0, '2022-12-01', 7),
(34, 'PD00005', 335, 1, 19, 0, '2022-12-01', 7),
(35, 'PD00006', 333, 1, 19, 0, '2022-12-01', 7),
(36, 'PD00007', 338, 1, 19, 0, '2022-12-01', 7),
(37, 'PD00007', 339, 1, 19, 0, '2022-12-01', 7),
(38, 'PD00007', 341, 1, 19, 0, '2022-12-01', 7),
(39, 'PD00007', 342, 1, 19, 0, '2022-12-01', 7),
(40, 'PD00008', 244, 1, 29, 0, '2022-12-01', 24),
(41, 'PD00009', 245, 1, 29, 0, '2022-12-01', 24),
(42, 'PD00010', 246, 1, 29, 0, '2022-12-01', 24),
(43, 'PD00011', 247, 1, 29, 0, '2022-12-01', 24),
(44, 'PD00012', 336, 1, 19, 0, '2022-12-01', 7),
(45, 'PD00013', 260, 1, 29, 0, '2022-12-01', 24),
(46, 'PD00014', 336, 1, 19, 0, '2022-12-01', 7),
(47, 'PD00014', 370, 1, 19, 0, '2022-12-01', 7),
(48, 'PD00014', 371, 1, 19, 0, '2022-12-01', 7),
(49, 'PD00014', 373, 1, 19, 0, '2022-12-01', 7),
(50, 'PD00014', 372, 1, 19, 0, '2022-12-01', 7),
(51, 'PD00014', 374, 1, 19, 0, '2022-12-01', 7),
(52, 'PD00015', 248, 1, 29, 0, '2022-12-01', 24),
(53, 'PD00016', 261, 1, 29, 0, '2022-12-01', 24),
(54, 'PD00017', 262, 1, 29, 0, '2022-12-01', 24),
(55, 'PD00018', 254, 1, 29, 0, '2022-12-01', 24),
(56, 'PD00019', 263, 1, 29, 0, '2022-12-01', 24),
(57, 'PD00020', 255, 1, 29, 0, '2022-12-01', 24),
(58, 'PD00021', 264, 1, 29, 0, '2022-12-01', 24),
(59, 'PD00022', 256, 1, 29, 0, '2022-12-01', 24),
(60, 'PD00023', 265, 1, 29, 0, '2022-12-01', 24),
(61, 'PD00024', 257, 1, 29, 0, '2022-12-01', 24),
(62, 'PD00025', 266, 1, 29, 0, '2022-12-01', 24),
(63, 'PD00026', 258, 1, 29, 0, '2022-12-01', 24),
(64, 'PD00027', 267, 1, 29, 0, '2022-12-01', 24),
(65, 'PD00028', 259, 1, 29, 0, '2022-12-01', 24),
(66, 'PD00029', 268, 1, 29, 0, '2022-12-01', 24),
(67, 'PD00030', 269, 1, 29, 0, '2022-12-01', 24),
(68, 'PD00031', 270, 1, 29, 0, '2022-12-01', 24),
(69, 'PD00032', 271, 1, 29, 0, '2022-12-01', 24),
(70, 'PD00033', 272, 1, 29, 0, '2022-12-01', 24),
(71, 'PD00034', 273, 1, 29, 0, '2022-12-01', 24),
(72, 'PD00035', 274, 1, 29, 0, '2022-12-01', 24),
(73, 'PD00036', 275, 1, 29, 0, '2022-12-01', 24),
(74, 'PD00037', 241, 1, 29, 0, '2022-12-01', 24),
(75, 'PD00038', 249, 1, 29, 0, '2022-12-01', 24),
(76, 'PD00039', 242, 1, 29, 0, '2022-12-01', 24),
(77, 'PD00040', 243, 1, 29, 0, '2022-12-01', 24),
(78, 'PD00041', 287, 1, 29, 0, '2022-12-01', 24),
(79, 'PD00042', 276, 1, 29, 0, '2022-12-01', 24),
(80, 'PD00043', 93, 1, 29, 0, '2022-12-01', 24),
(81, 'PD00044', 277, 1, 29, 0, '2022-12-01', 24),
(82, 'PD00045', 278, 1, 29, 0, '2022-12-01', 24),
(83, 'PD00046', 279, 1, 29, 0, '2022-12-01', 24),
(84, 'PD00047', 94, 1, 29, 0, '2022-12-01', 24),
(85, 'PD00048', 95, 1, 29, 0, '2022-12-01', 24),
(86, 'PD00049', 96, 1, 29, 0, '2022-12-01', 24),
(87, 'PD00050', 179, 1, 29, 0, '2022-12-01', 24),
(88, 'PD00051', 97, 1, 29, 0, '2022-12-01', 24),
(89, 'PD00052', 250, 1, 29, 0, '2022-12-01', 24),
(90, 'PD00053', 281, 1, 29, 0, '2022-12-01', 24),
(91, 'PD00054', 98, 1, 29, 0, '2022-12-01', 24),
(92, 'PD00055', 251, 1, 29, 0, '2022-12-01', 24),
(93, 'PD00056', 282, 1, 29, 0, '2022-12-01', 24),
(94, 'PD00057', 99, 1, 29, 0, '2022-12-01', 24),
(95, 'PD00058', 182, 1, 29, 0, '2022-12-01', 24),
(96, 'PD00059', 252, 1, 29, 0, '2022-12-01', 24),
(97, 'PD00060', 283, 1, 29, 0, '2022-12-01', 24),
(98, 'PD00061', 284, 1, 29, 0, '2022-12-01', 24),
(99, 'PD00062', 100, 1, 29, 0, '2022-12-01', 24),
(100, 'PD00063', 183, 1, 29, 0, '2022-12-01', 24),
(101, 'PD00064', 253, 1, 29, 0, '2022-12-01', 24),
(102, 'PD00065', 285, 1, 29, 0, '2022-12-01', 24),
(103, 'PD00066', 101, 1, 29, 0, '2022-12-01', 24),
(104, 'PD00067', 189, 1, 29, 0, '2022-12-01', 24),
(105, 'PD00068', 286, 1, 29, 0, '2022-12-01', 24),
(106, 'PD00069', 102, 1, 29, 0, '2022-12-01', 24),
(107, 'PD00070', 190, 1, 29, 0, '2022-12-01', 24),
(108, 'PD00071', 103, 1, 29, 0, '2022-12-01', 24),
(109, 'PD00072', 191, 1, 29, 0, '2022-12-01', 24),
(110, 'PD00073', 104, 1, 29, 0, '2022-12-01', 24),
(111, 'PD00074', 192, 1, 29, 0, '2022-12-01', 24),
(112, 'PD00075', 105, 1, 29, 0, '2022-12-01', 24),
(113, 'PD00076', 193, 1, 29, 0, '2022-12-01', 24),
(114, 'PD00077', 106, 1, 29, 0, '2022-12-01', 24),
(115, 'PD00078', 194, 1, 29, 0, '2022-12-01', 24),
(116, 'PD00079', 107, 1, 29, 0, '2022-12-01', 24),
(117, 'PD00080', 195, 1, 29, 0, '2022-12-01', 24),
(118, 'PD00081', 108, 1, 29, 0, '2022-12-01', 24),
(119, 'PD00082', 196, 1, 29, 0, '2022-12-01', 24),
(120, 'PD00083', 196, 1, 29, 0, '2022-12-01', 24),
(121, 'PD00084', 109, 1, 29, 0, '2022-12-01', 24),
(122, 'PD00085', 197, 1, 29, 0, '2022-12-01', 24),
(123, 'PD00086', 110, 1, 29, 0, '2022-12-01', 24),
(124, 'PD00087', 198, 1, 29, 0, '2022-12-01', 24),
(125, 'PD00088', 111, 1, 29, 0, '2022-12-01', 24),
(126, 'PD00089', 199, 1, 29, 0, '2022-12-01', 24),
(127, 'PD00090', 112, 1, 29, 0, '2022-12-01', 24),
(128, 'PD00091', 200, 1, 29, 0, '2022-12-01', 24),
(129, 'PD00092', 113, 1, 29, 0, '2022-12-01', 24),
(130, 'PD00093', 202, 1, 29, 0, '2022-12-01', 24),
(131, 'PD00094', 114, 1, 29, 0, '2022-12-01', 24),
(132, 'PD00095', 203, 1, 29, 0, '2022-12-01', 24),
(133, 'PD00096', 115, 1, 29, 0, '2022-12-01', 24),
(134, 'PD00097', 205, 1, 29, 0, '2022-12-01', 24),
(135, 'PD00098', 116, 1, 29, 0, '2022-12-01', 24),
(136, 'PD00099', 206, 1, 29, 0, '2022-12-01', 24),
(137, 'PD00100', 117, 1, 29, 0, '2022-12-01', 24),
(138, 'PD00101', 209, 1, 29, 0, '2022-12-01', 24),
(139, 'PD00102', 118, 1, 29, 0, '2022-12-01', 24),
(140, 'PD00103', 211, 1, 29, 0, '2022-12-01', 24),
(141, 'PD00104', 119, 1, 29, 0, '2022-12-01', 24),
(142, 'PD00105', 213, 1, 29, 0, '2022-12-01', 24),
(143, 'PD00106', 120, 1, 29, 0, '2022-12-01', 24),
(144, 'PD00107', 215, 1, 29, 0, '2022-12-01', 24),
(145, 'PD00108', 121, 1, 29, 0, '2022-12-01', 24),
(146, 'PD00109', 216, 1, 29, 0, '2022-12-01', 24),
(147, 'PD00110', 122, 1, 29, 0, '2022-12-01', 24),
(148, 'PD00111', 218, 1, 29, 0, '2022-12-01', 24),
(149, 'PD00112', 123, 1, 29, 0, '2022-12-01', 24),
(150, 'PD00113', 124, 1, 29, 0, '2022-12-01', 24),
(151, 'PD00114', 125, 1, 29, 0, '2022-12-01', 24),
(152, 'PD00115', 126, 1, 29, 0, '2022-12-01', 24),
(153, 'PD00116', 223, 1, 29, 0, '2022-12-01', 24),
(154, 'PD00117', 224, 1, 29, 0, '2022-12-01', 24),
(155, 'PD00118', 225, 1, 29, 0, '2022-12-01', 24),
(156, 'PD00119', 226, 1, 29, 0, '2022-12-01', 24),
(157, 'PD00120', 227, 1, 29, 0, '2022-12-01', 24),
(158, 'PD00121', 228, 1, 29, 0, '2022-12-01', 24),
(159, 'PD00122', 229, 1, 29, 0, '2022-12-01', 24),
(160, 'PD00123', 230, 1, 29, 0, '2022-12-01', 24),
(161, 'PD00124', 231, 1, 29, 0, '2022-12-01', 24),
(162, 'PD00125', 232, 1, 29, 0, '2022-12-01', 24),
(163, 'PD00126', 233, 1, 29, 0, '2022-12-01', 24),
(164, 'PD00127', 234, 1, 29, 0, '2022-12-01', 24),
(165, 'PD00128', 235, 1, 29, 0, '2022-12-01', 24),
(166, 'PD00129', 238, 1, 29, 0, '2022-12-01', 24),
(167, 'PD00130', 239, 1, 29, 0, '2022-12-01', 24),
(370, 'PD00134', 1158, 1, 23, 0, '2022-12-06', 26),
(371, 'PD00134', 1159, 1, 23, 0, '2022-12-06', 26),
(372, 'PD00134', 1154, 1, 23, 0, '2022-12-06', 26),
(373, 'PD00134', 1155, 1, 23, 0, '2022-12-06', 26),
(374, 'PD00134', 1156, 1, 23, 0, '2022-12-06', 26),
(375, 'PD00134', 1157, 1, 23, 0, '2022-12-06', 26),
(376, 'PD00135', 1170, 1, 20, 0, '2022-12-06', 26),
(377, 'PD00135', 1171, 1, 20, 0, '2022-12-06', 26),
(378, 'PD00135', 1169, 1, 20, 0, '2022-12-06', 26),
(379, 'PD00135', 1167, 1, 20, 0, '2022-12-06', 26),
(380, 'PD00135', 1168, 1, 20, 0, '2022-12-06', 26),
(381, 'PD00135', 1160, 1, 20, 0, '2022-12-06', 26),
(382, 'PD00135', 1161, 1, 20, 0, '2022-12-06', 26),
(383, 'PD00135', 1162, 1, 20, 0, '2022-12-06', 26),
(384, 'PD00135', 1163, 1, 20, 0, '2022-12-06', 26),
(385, 'PD00135', 1164, 1, 20, 0, '2022-12-06', 26),
(386, 'PD00135', 1165, 1, 20, 0, '2022-12-06', 26),
(387, 'PD00135', 1166, 1, 20, 0, '2022-12-06', 26),
(388, 'PD00136', 1227, 1, 76, 0, '2022-12-06', 26),
(389, 'PD00136', 1236, 1, 76, 0, '2022-12-06', 26),
(390, 'PD00136', 1237, 1, 76, 0, '2022-12-06', 26),
(391, 'PD00136', 1238, 1, 76, 0, '2022-12-06', 26),
(392, 'PD00136', 1239, 1, 76, 0, '2022-12-06', 26),
(393, 'PD00136', 1240, 1, 76, 0, '2022-12-06', 26),
(394, 'PD00136', 1241, 1, 76, 0, '2022-12-06', 26),
(395, 'PD00136', 1242, 1, 76, 0, '2022-12-06', 26),
(396, 'PD00136', 1228, 1, 76, 0, '2022-12-06', 26),
(397, 'PD00136', 1229, 1, 76, 0, '2022-12-06', 26),
(398, 'PD00136', 1231, 1, 76, 0, '2022-12-06', 26),
(399, 'PD00136', 1232, 1, 76, 0, '2022-12-06', 26),
(400, 'PD00136', 1233, 1, 76, 0, '2022-12-06', 26),
(401, 'PD00136', 1234, 1, 76, 0, '2022-12-06', 26),
(402, 'PD00136', 1235, 1, 76, 0, '2022-12-06', 26),
(403, 'PD00136', 1219, 1, 76, 0, '2022-12-06', 26),
(404, 'PD00136', 1220, 1, 76, 0, '2022-12-06', 26),
(405, 'PD00136', 1221, 1, 76, 0, '2022-12-06', 26),
(406, 'PD00136', 1222, 1, 76, 0, '2022-12-06', 26),
(407, 'PD00136', 1223, 1, 76, 0, '2022-12-06', 26),
(408, 'PD00136', 1224, 1, 76, 0, '2022-12-06', 26),
(409, 'PD00136', 1225, 1, 76, 0, '2022-12-06', 26),
(410, 'PD00136', 1226, 1, 76, 0, '2022-12-06', 26),
(411, 'PD00136', 1212, 1, 76, 0, '2022-12-06', 26),
(412, 'PD00136', 1213, 1, 76, 0, '2022-12-06', 26),
(413, 'PD00136', 1214, 1, 76, 0, '2022-12-06', 26),
(414, 'PD00136', 1215, 1, 76, 0, '2022-12-06', 26),
(415, 'PD00136', 1216, 1, 76, 0, '2022-12-06', 26),
(416, 'PD00136', 1217, 1, 76, 0, '2022-12-06', 26),
(417, 'PD00136', 1218, 1, 76, 0, '2022-12-06', 26),
(418, 'PD00136', 1182, 1, 76, 0, '2022-12-06', 26),
(419, 'PD00136', 1183, 1, 76, 0, '2022-12-06', 26),
(420, 'PD00136', 1184, 1, 76, 0, '2022-12-06', 26),
(421, 'PD00136', 1185, 1, 76, 0, '2022-12-06', 26),
(422, 'PD00136', 1186, 1, 76, 0, '2022-12-06', 26),
(423, 'PD00136', 1187, 1, 76, 0, '2022-12-06', 26),
(424, 'PD00136', 1188, 1, 76, 0, '2022-12-06', 26),
(425, 'PD00136', 1189, 1, 76, 0, '2022-12-06', 26),
(426, 'PD00136', 1190, 1, 76, 0, '2022-12-06', 26),
(427, 'PD00136', 1192, 1, 76, 0, '2022-12-06', 26),
(428, 'PD00136', 1193, 1, 76, 0, '2022-12-06', 26),
(429, 'PD00136', 1199, 1, 76, 0, '2022-12-06', 26),
(430, 'PD00136', 1200, 1, 76, 0, '2022-12-06', 26),
(431, 'PD00136', 1197, 1, 76, 0, '2022-12-06', 26),
(432, 'PD00136', 1198, 1, 76, 0, '2022-12-06', 26),
(433, 'PD00136', 1201, 1, 76, 0, '2022-12-06', 26),
(434, 'PD00136', 1202, 1, 76, 0, '2022-12-06', 26),
(435, 'PD00136', 1203, 1, 76, 0, '2022-12-06', 26),
(436, 'PD00136', 1204, 1, 76, 0, '2022-12-06', 26),
(437, 'PD00136', 1205, 1, 76, 0, '2022-12-06', 26),
(438, 'PD00136', 1206, 1, 76, 0, '2022-12-06', 26),
(439, 'PD00136', 1207, 1, 76, 0, '2022-12-06', 26),
(440, 'PD00136', 1208, 1, 76, 0, '2022-12-06', 26),
(441, 'PD00136', 1209, 1, 76, 0, '2022-12-06', 26),
(442, 'PD00136', 1210, 1, 76, 0, '2022-12-06', 26),
(443, 'PD00136', 1194, 1, 76, 0, '2022-12-06', 26),
(444, 'PD00136', 1211, 1, 76, 0, '2022-12-06', 26),
(445, 'PD00136', 1195, 1, 76, 0, '2022-12-06', 26),
(446, 'PD00136', 1196, 1, 76, 0, '2022-12-06', 26),
(447, 'PD00137', 1172, 1, 76, 0, '2022-12-06', 26),
(448, 'PD00137', 1181, 1, 76, 0, '2022-12-06', 26),
(449, 'PD00137', 1191, 1, 76, 0, '2022-12-06', 26),
(450, 'PD00137', 1173, 1, 76, 0, '2022-12-06', 26),
(451, 'PD00137', 1174, 1, 76, 0, '2022-12-06', 26),
(452, 'PD00137', 1175, 1, 76, 0, '2022-12-06', 26),
(453, 'PD00137', 1176, 1, 76, 0, '2022-12-06', 26),
(454, 'PD00137', 1177, 1, 76, 0, '2022-12-06', 26),
(455, 'PD00137', 1178, 1, 76, 0, '2022-12-06', 26),
(456, 'PD00137', 1179, 1, 76, 0, '2022-12-06', 26),
(457, 'PD00137', 1180, 1, 76, 0, '2022-12-06', 26),
(458, 'PD00137', 1230, 1, 76, 0, '2022-12-06', 26),
(576, 'PD00139', 1244, 1, 60, 0, '2022-12-06', 23),
(577, 'PD00139', 1245, 1, 60, 0, '2022-12-06', 23),
(578, 'PD00139', 1246, 1, 60, 0, '2022-12-06', 23),
(579, 'PD00139', 1249, 1, 60, 0, '2022-12-06', 23),
(580, 'PD00139', 1247, 1, 60, 0, '2022-12-06', 23),
(581, 'PD00139', 1248, 1, 60, 0, '2022-12-06', 23),
(582, 'PD00139', 1243, 1, 60, 0, '2022-12-06', 23),
(648, 'PD00132', 440, 1, 16, 0, '2022-12-02', 23),
(649, 'PD00132', 443, 1, 16, 0, '2022-12-02', 23),
(650, 'PD00132', 442, 1, 16, 0, '2022-12-02', 23),
(651, 'PD00132', 441, 1, 16, 0, '2022-12-02', 23),
(652, 'PD00132', 500, 1, 16, 0, '2022-12-02', 23),
(653, 'PD00132', 444, 1, 16, 0, '2022-12-02', 23),
(654, 'PD00132', 445, 1, 16, 0, '2022-12-02', 23),
(655, 'PD00132', 446, 1, 16, 0, '2022-12-02', 23),
(656, 'PD00132', 447, 1, 16, 0, '2022-12-02', 23),
(657, 'PD00132', 448, 1, 16, 0, '2022-12-02', 23),
(658, 'PD00132', 449, 1, 16, 0, '2022-12-02', 23),
(659, 'PD00132', 450, 1, 16, 0, '2022-12-02', 23),
(660, 'PD00132', 451, 1, 16, 0, '2022-12-02', 23),
(661, 'PD00132', 452, 1, 16, 0, '2022-12-02', 23),
(662, 'PD00132', 453, 1, 16, 0, '2022-12-02', 23),
(663, 'PD00132', 454, 1, 16, 0, '2022-12-02', 23),
(664, 'PD00132', 455, 1, 16, 0, '2022-12-02', 23),
(665, 'PD00132', 456, 1, 16, 0, '2022-12-02', 23),
(666, 'PD00132', 457, 1, 16, 0, '2022-12-02', 23),
(667, 'PD00132', 458, 1, 16, 0, '2022-12-02', 23),
(668, 'PD00132', 459, 1, 16, 0, '2022-12-02', 23),
(669, 'PD00132', 460, 1, 16, 0, '2022-12-02', 23),
(670, 'PD00132', 461, 1, 16, 0, '2022-12-02', 23),
(671, 'PD00132', 462, 1, 16, 0, '2022-12-02', 23),
(672, 'PD00132', 463, 1, 16, 0, '2022-12-02', 23),
(673, 'PD00132', 464, 1, 16, 0, '2022-12-02', 23),
(674, 'PD00132', 465, 1, 16, 0, '2022-12-02', 23),
(675, 'PD00132', 466, 1, 16, 0, '2022-12-02', 23),
(676, 'PD00132', 467, 1, 16, 0, '2022-12-02', 23),
(677, 'PD00132', 468, 1, 16, 0, '2022-12-02', 23),
(678, 'PD00132', 469, 1, 16, 0, '2022-12-02', 23),
(679, 'PD00132', 470, 1, 16, 0, '2022-12-02', 23),
(680, 'PD00132', 471, 1, 16, 0, '2022-12-02', 23),
(681, 'PD00132', 472, 1, 16, 0, '2022-12-02', 23),
(682, 'PD00132', 473, 1, 16, 0, '2022-12-02', 23),
(683, 'PD00132', 474, 1, 16, 0, '2022-12-02', 23),
(684, 'PD00132', 475, 1, 16, 0, '2022-12-02', 23),
(685, 'PD00132', 476, 1, 16, 0, '2022-12-02', 23),
(686, 'PD00132', 477, 1, 16, 0, '2022-12-02', 23),
(687, 'PD00132', 478, 1, 16, 0, '2022-12-02', 23),
(688, 'PD00132', 479, 1, 16, 0, '2022-12-02', 23),
(689, 'PD00132', 480, 1, 16, 0, '2022-12-02', 23),
(690, 'PD00132', 481, 1, 16, 0, '2022-12-02', 23),
(691, 'PD00132', 482, 1, 16, 0, '2022-12-02', 23),
(692, 'PD00132', 483, 1, 16, 0, '2022-12-02', 23),
(693, 'PD00132', 484, 1, 16, 0, '2022-12-02', 23),
(694, 'PD00132', 485, 1, 16, 0, '2022-12-02', 23),
(695, 'PD00132', 486, 1, 16, 0, '2022-12-02', 23),
(696, 'PD00132', 487, 1, 16, 0, '2022-12-02', 23),
(697, 'PD00132', 488, 1, 16, 0, '2022-12-02', 23),
(698, 'PD00132', 489, 1, 16, 0, '2022-12-02', 23),
(699, 'PD00132', 490, 1, 16, 0, '2022-12-02', 23),
(700, 'PD00132', 491, 1, 16, 0, '2022-12-02', 23),
(701, 'PD00132', 439, 1, 16, 0, '2022-12-02', 23),
(702, 'PD00132', 437, 1, 16, 0, '2022-12-02', 23),
(703, 'PD00132', 438, 1, 16, 0, '2022-12-02', 23),
(704, 'PD00132', 492, 1, 16, 0, '2022-12-02', 23),
(705, 'PD00132', 493, 1, 16, 0, '2022-12-02', 23),
(706, 'PD00132', 494, 1, 16, 0, '2022-12-02', 23),
(707, 'PD00132', 499, 1, 16, 0, '2022-12-02', 23),
(708, 'PD00132', 501, 1, 16, 0, '2022-12-02', 23),
(709, 'PD00132', 495, 1, 16, 0, '2022-12-02', 23),
(710, 'PD00132', 496, 1, 16, 0, '2022-12-02', 23),
(711, 'PD00132', 497, 1, 16, 0, '2022-12-02', 23),
(712, 'PD00132', 498, 1, 16, 0, '2022-12-02', 23),
(713, 'PD00140', 1252, 1, 89, 0, '2022-12-06', 23),
(714, 'PD00140', 1253, 1, 89, 0, '2022-12-06', 23),
(715, 'PD00140', 1254, 1, 89, 0, '2022-12-06', 23),
(716, 'PD00140', 1255, 1, 89, 0, '2022-12-06', 23),
(717, 'PD00140', 1256, 1, 89, 0, '2022-12-06', 23),
(718, 'PD00140', 1257, 1, 89, 0, '2022-12-06', 23),
(719, 'PD00140', 1258, 1, 89, 0, '2022-12-06', 23),
(720, 'PD00140', 1259, 1, 89, 0, '2022-12-06', 23),
(721, 'PD00140', 1260, 1, 89, 0, '2022-12-06', 23),
(722, 'PD00140', 1261, 1, 89, 0, '2022-12-06', 23),
(723, 'PD00140', 1262, 1, 89, 0, '2022-12-06', 23),
(724, 'PD00140', 1263, 1, 89, 0, '2022-12-06', 23),
(725, 'PD00140', 1251, 1, 89, 0, '2022-12-06', 23),
(726, 'PD00140', 1250, 1, 89, 0, '2022-12-06', 23),
(727, 'PD00141', 288, 1, 45, 0, '2022-12-06', 25),
(728, 'PD00142', 280, 1, 45, 0, '2022-12-06', 25),
(731, 'PD00143', 289, 1, 45, 0, '2022-12-06', 25),
(732, 'PD00144', 290, 1, 45, 0, '2022-12-06', 25),
(733, 'PD00145', 291, 1, 45, 0, '2022-12-06', 25),
(734, 'PD00146', 292, 1, 45, 0, '2022-12-06', 25),
(735, 'PD00147', 293, 1, 45, 0, '2022-12-06', 25),
(736, 'PD00148', 294, 1, 45, 0, '2022-12-06', 25),
(737, 'PD00149', 295, 1, 45, 0, '2022-12-06', 25),
(738, 'PD00150', 296, 1, 45, 0, '2022-12-06', 25),
(739, 'PD00151', 297, 1, 45, 0, '2022-12-06', 25),
(740, 'PD00152', 298, 1, 45, 0, '2022-12-06', 25),
(741, 'PD00153', 316, 1, 45, 0, '2022-12-06', 25),
(742, 'PD00154', 317, 1, 45, 0, '2022-12-06', 25),
(743, 'PD00155', 320, 1, 45, 0, '2022-12-06', 25),
(744, 'PD00156', 329, 1, 45, 0, '2022-12-06', 25),
(745, 'PD00157', 334, 1, 45, 0, '2022-12-06', 25),
(746, 'PD00158', 340, 1, 45, 0, '2022-12-06', 25),
(747, 'PD00159', 343, 1, 45, 0, '2022-12-06', 25),
(748, 'PD00160', 344, 1, 45, 0, '2022-12-06', 25),
(749, 'PD00161', 345, 1, 45, 0, '2022-12-06', 25),
(750, 'PD00162', 346, 1, 45, 0, '2022-12-06', 25),
(751, 'PD00163', 347, 1, 45, 0, '2022-12-06', 25),
(752, 'PD00164', 348, 1, 45, 0, '2022-12-06', 25),
(753, 'PD00165', 349, 1, 45, 0, '2022-12-06', 25),
(754, 'PD00166', 350, 1, 45, 0, '2022-12-06', 25),
(755, 'PD00167', 351, 1, 45, 0, '2022-12-06', 25),
(756, 'PD00168', 352, 1, 45, 0, '2022-12-06', 25),
(757, 'PD00169', 353, 1, 45, 0, '2022-12-06', 25),
(758, 'PD00170', 354, 1, 45, 0, '2022-12-06', 25),
(759, 'PD00171', 355, 1, 45, 0, '2022-12-06', 25),
(760, 'PD00172', 356, 1, 45, 0, '2022-12-06', 25),
(761, 'PD00173', 1342, 1, 63, 0, '2022-12-07', 26),
(762, 'PD00173', 1351, 1, 63, 0, '2022-12-07', 26),
(763, 'PD00173', 1352, 1, 63, 0, '2022-12-07', 26),
(764, 'PD00173', 1353, 2, 63, 0, '2022-12-07', 26),
(765, 'PD00173', 1354, 1, 63, 0, '2022-12-07', 26),
(766, 'PD00173', 1355, 1, 63, 0, '2022-12-07', 26),
(767, 'PD00173', 1356, 1, 63, 0, '2022-12-07', 26),
(768, 'PD00173', 1357, 1, 63, 0, '2022-12-07', 26),
(769, 'PD00173', 1358, 1, 63, 0, '2022-12-07', 26),
(770, 'PD00173', 1359, 1, 63, 0, '2022-12-07', 26),
(771, 'PD00173', 1360, 1, 63, 0, '2022-12-07', 26),
(772, 'PD00173', 1343, 1, 63, 0, '2022-12-07', 26),
(773, 'PD00173', 1361, 1, 63, 0, '2022-12-07', 26),
(774, 'PD00173', 1344, 1, 63, 0, '2022-12-07', 26),
(775, 'PD00173', 1345, 1, 63, 0, '2022-12-07', 26),
(776, 'PD00173', 1346, 1, 63, 0, '2022-12-07', 26),
(777, 'PD00173', 1347, 1, 63, 0, '2022-12-07', 26),
(778, 'PD00173', 1348, 1, 63, 0, '2022-12-07', 26),
(779, 'PD00173', 1349, 1, 63, 0, '2022-12-07', 26),
(780, 'PD00173', 1350, 1, 63, 0, '2022-12-07', 26),
(781, 'PD00173', 1362, 1, 63, 0, '2022-12-07', 26),
(782, 'PD00173', 1363, 1, 63, 0, '2022-12-07', 26),
(783, 'PD00173', 1364, 1, 63, 0, '2022-12-07', 26),
(784, 'PD00173', 1365, 1, 63, 0, '2022-12-07', 26),
(785, 'PD00173', 1366, 1, 63, 0, '2022-12-07', 26),
(786, 'PD00173', 1367, 1, 63, 0, '2022-12-07', 26),
(787, 'PD00173', 1368, 1, 63, 0, '2022-12-07', 26),
(788, 'PD00173', 1369, 1, 63, 0, '2022-12-07', 26),
(789, 'PD00173', 1306, 1, 63, 0, '2022-12-07', 26),
(790, 'PD00173', 1315, 1, 63, 0, '2022-12-07', 26),
(791, 'PD00173', 1316, 1, 63, 0, '2022-12-07', 26),
(792, 'PD00173', 1317, 1, 63, 0, '2022-12-07', 26),
(793, 'PD00173', 1318, 1, 63, 0, '2022-12-07', 26),
(794, 'PD00173', 1319, 1, 63, 0, '2022-12-07', 26),
(795, 'PD00173', 1320, 1, 63, 0, '2022-12-07', 26),
(796, 'PD00173', 1321, 1, 63, 0, '2022-12-07', 26),
(797, 'PD00173', 1322, 1, 63, 0, '2022-12-07', 26),
(798, 'PD00173', 1323, 1, 63, 0, '2022-12-07', 26),
(799, 'PD00173', 1324, 1, 63, 0, '2022-12-07', 26),
(800, 'PD00173', 1307, 1, 63, 0, '2022-12-07', 26),
(801, 'PD00173', 1325, 1, 63, 0, '2022-12-07', 26),
(802, 'PD00173', 1308, 1, 63, 0, '2022-12-07', 26),
(803, 'PD00173', 1309, 1, 63, 0, '2022-12-07', 26),
(804, 'PD00173', 1310, 1, 63, 0, '2022-12-07', 26),
(805, 'PD00173', 1311, 1, 63, 0, '2022-12-07', 26),
(806, 'PD00173', 1312, 1, 63, 0, '2022-12-07', 26),
(807, 'PD00173', 1313, 1, 63, 0, '2022-12-07', 26),
(808, 'PD00173', 1314, 1, 63, 0, '2022-12-07', 26),
(809, 'PD00173', 1326, 1, 63, 0, '2022-12-07', 26),
(810, 'PD00173', 1335, 1, 63, 0, '2022-12-07', 26),
(811, 'PD00173', 1336, 1, 63, 0, '2022-12-07', 26),
(812, 'PD00173', 1337, 1, 63, 0, '2022-12-07', 26),
(813, 'PD00173', 1327, 1, 63, 0, '2022-12-07', 26),
(814, 'PD00173', 1328, 1, 63, 0, '2022-12-07', 26),
(815, 'PD00173', 1329, 1, 63, 0, '2022-12-07', 26),
(816, 'PD00173', 1330, 1, 63, 0, '2022-12-07', 26),
(817, 'PD00173', 1331, 1, 63, 0, '2022-12-07', 26),
(818, 'PD00173', 1332, 1, 63, 0, '2022-12-07', 26),
(819, 'PD00173', 1333, 1, 63, 0, '2022-12-07', 26),
(820, 'PD00173', 1334, 1, 63, 0, '2022-12-07', 26),
(821, 'PD00173', 1338, 1, 63, 0, '2022-12-07', 26),
(822, 'PD00173', 1339, 1, 63, 0, '2022-12-07', 26),
(823, 'PD00173', 1340, 1, 63, 0, '2022-12-07', 26),
(824, 'PD00173', 1341, 1, 63, 0, '2022-12-07', 26),
(825, 'PD00173', 1290, 1, 63, 0, '2022-12-07', 26),
(826, 'PD00173', 1299, 1, 63, 0, '2022-12-07', 26),
(827, 'PD00173', 1300, 1, 63, 0, '2022-12-07', 26),
(828, 'PD00173', 1301, 1, 63, 0, '2022-12-07', 26),
(829, 'PD00173', 1302, 1, 63, 0, '2022-12-07', 26),
(830, 'PD00173', 1303, 1, 63, 0, '2022-12-07', 26),
(831, 'PD00173', 1304, 1, 63, 0, '2022-12-07', 26),
(832, 'PD00173', 1305, 1, 63, 0, '2022-12-07', 26),
(833, 'PD00173', 1291, 1, 63, 0, '2022-12-07', 26),
(834, 'PD00173', 1292, 1, 63, 0, '2022-12-07', 26),
(835, 'PD00173', 1293, 1, 63, 0, '2022-12-07', 26),
(836, 'PD00173', 1294, 1, 63, 0, '2022-12-07', 26),
(837, 'PD00173', 1295, 1, 63, 0, '2022-12-07', 26),
(838, 'PD00173', 1296, 1, 63, 0, '2022-12-07', 26),
(839, 'PD00173', 1297, 1, 63, 0, '2022-12-07', 26),
(840, 'PD00173', 1298, 1, 63, 0, '2022-12-07', 26),
(841, 'PD00174', 1282, 1, 76, 0, '2022-12-07', 26),
(842, 'PD00174', 1264, 1, 76, 0, '2022-12-07', 26),
(843, 'PD00174', 1273, 1, 76, 0, '2022-12-07', 26),
(844, 'PD00174', 1274, 1, 76, 0, '2022-12-07', 26),
(845, 'PD00174', 1275, 1, 76, 0, '2022-12-07', 26),
(846, 'PD00174', 1276, 1, 76, 0, '2022-12-07', 26),
(847, 'PD00174', 1277, 1, 76, 0, '2022-12-07', 26),
(848, 'PD00174', 1278, 1, 76, 0, '2022-12-07', 26),
(849, 'PD00174', 1279, 1, 76, 0, '2022-12-07', 26),
(850, 'PD00174', 1280, 1, 76, 0, '2022-12-07', 26),
(851, 'PD00174', 1281, 1, 76, 0, '2022-12-07', 26),
(852, 'PD00174', 1265, 1, 76, 0, '2022-12-07', 26),
(853, 'PD00174', 1266, 1, 76, 0, '2022-12-07', 26),
(854, 'PD00174', 1267, 1, 76, 0, '2022-12-07', 26),
(855, 'PD00174', 1268, 1, 76, 0, '2022-12-07', 26),
(856, 'PD00174', 1269, 1, 76, 0, '2022-12-07', 26),
(857, 'PD00174', 1270, 1, 76, 0, '2022-12-07', 26),
(858, 'PD00174', 1271, 1, 76, 0, '2022-12-07', 26),
(859, 'PD00174', 1272, 1, 76, 0, '2022-12-07', 26),
(860, 'PD00174', 1283, 1, 76, 0, '2022-12-07', 26),
(861, 'PD00174', 1284, 1, 76, 0, '2022-12-07', 26),
(862, 'PD00174', 1285, 1, 76, 0, '2022-12-07', 26),
(863, 'PD00174', 1286, 1, 76, 0, '2022-12-07', 26),
(864, 'PD00174', 1287, 1, 76, 0, '2022-12-07', 26),
(865, 'PD00174', 1288, 1, 76, 0, '2022-12-07', 26),
(866, 'PD00174', 1289, 1, 76, 0, '2022-12-07', 26),
(867, 'PD00175', 1566, 1, 63, 0, '2022-12-07', 26),
(868, 'PD00175', 1575, 1, 63, 0, '2022-12-07', 26),
(869, 'PD00175', 1576, 1, 63, 0, '2022-12-07', 26),
(870, 'PD00175', 1577, 1, 63, 0, '2022-12-07', 26),
(871, 'PD00175', 1578, 1, 63, 0, '2022-12-07', 26),
(872, 'PD00175', 1579, 1, 63, 0, '2022-12-07', 26),
(873, 'PD00175', 1580, 1, 63, 0, '2022-12-07', 26),
(874, 'PD00175', 1581, 1, 63, 0, '2022-12-07', 26),
(875, 'PD00175', 1582, 1, 63, 0, '2022-12-07', 26),
(876, 'PD00175', 1583, 1, 63, 0, '2022-12-07', 26),
(877, 'PD00175', 1584, 1, 63, 0, '2022-12-07', 26),
(878, 'PD00175', 1567, 1, 63, 0, '2022-12-07', 26),
(879, 'PD00175', 1585, 1, 63, 0, '2022-12-07', 26),
(880, 'PD00175', 1586, 1, 63, 0, '2022-12-07', 26),
(881, 'PD00175', 1587, 1, 63, 0, '2022-12-07', 26),
(882, 'PD00175', 1588, 1, 63, 0, '2022-12-07', 26),
(883, 'PD00175', 1589, 1, 63, 0, '2022-12-07', 26),
(884, 'PD00175', 1590, 1, 63, 0, '2022-12-07', 26),
(885, 'PD00175', 1591, 1, 63, 0, '2022-12-07', 26),
(886, 'PD00175', 1592, 1, 63, 0, '2022-12-07', 26),
(887, 'PD00175', 1593, 1, 63, 0, '2022-12-07', 26),
(888, 'PD00175', 1594, 1, 63, 0, '2022-12-07', 26),
(889, 'PD00175', 1568, 1, 63, 0, '2022-12-07', 26),
(890, 'PD00175', 1595, 1, 63, 0, '2022-12-07', 26),
(891, 'PD00175', 1569, 1, 63, 0, '2022-12-07', 26),
(892, 'PD00175', 1570, 1, 63, 0, '2022-12-07', 26),
(893, 'PD00175', 1571, 1, 63, 0, '2022-12-07', 26),
(894, 'PD00175', 1572, 1, 63, 0, '2022-12-07', 26),
(895, 'PD00175', 1573, 1, 63, 0, '2022-12-07', 26),
(896, 'PD00175', 1574, 1, 63, 0, '2022-12-07', 26),
(897, 'PD00175', 1608, 1, 63, 0, '2022-12-07', 26),
(898, 'PD00175', 1482, 1, 63, 0, '2022-12-07', 26),
(899, 'PD00175', 1483, 1, 63, 0, '2022-12-07', 26),
(900, 'PD00175', 1484, 1, 63, 0, '2022-12-07', 26),
(901, 'PD00175', 1485, 1, 63, 0, '2022-12-07', 26),
(902, 'PD00175', 1598, 1, 63, 0, '2022-12-07', 26),
(903, 'PD00175', 1599, 1, 63, 0, '2022-12-07', 26),
(904, 'PD00175', 1600, 1, 63, 0, '2022-12-07', 26),
(905, 'PD00175', 1601, 1, 63, 0, '2022-12-07', 26),
(906, 'PD00175', 1602, 1, 63, 0, '2022-12-07', 26),
(907, 'PD00175', 1603, 1, 63, 0, '2022-12-07', 26),
(908, 'PD00175', 1604, 1, 63, 0, '2022-12-07', 26),
(909, 'PD00175', 1605, 1, 63, 0, '2022-12-07', 26),
(910, 'PD00175', 1392, 1, 63, 0, '2022-12-07', 26),
(911, 'PD00175', 1393, 1, 63, 0, '2022-12-07', 26),
(912, 'PD00175', 1418, 1, 63, 0, '2022-12-07', 26),
(913, 'PD00175', 1419, 1, 63, 0, '2022-12-07', 26),
(914, 'PD00175', 1420, 1, 63, 0, '2022-12-07', 26),
(915, 'PD00175', 1421, 1, 63, 0, '2022-12-07', 26),
(916, 'PD00175', 1422, 1, 63, 0, '2022-12-07', 26),
(917, 'PD00175', 1423, 1, 63, 0, '2022-12-07', 26),
(918, 'PD00175', 1429, 1, 63, 0, '2022-12-07', 26),
(919, 'PD00175', 1438, 1, 63, 0, '2022-12-07', 26),
(920, 'PD00175', 1439, 1, 63, 0, '2022-12-07', 26),
(921, 'PD00175', 1440, 1, 63, 0, '2022-12-07', 26),
(922, 'PD00175', 1441, 1, 63, 0, '2022-12-07', 26),
(923, 'PD00175', 1442, 1, 63, 0, '2022-12-07', 26),
(924, 'PD00175', 1443, 1, 63, 0, '2022-12-07', 26),
(925, 'PD00175', 1444, 1, 63, 0, '2022-12-07', 26),
(926, 'PD00175', 1445, 1, 63, 0, '2022-12-07', 26),
(927, 'PD00175', 1446, 1, 63, 0, '2022-12-07', 26),
(928, 'PD00175', 1447, 1, 63, 0, '2022-12-07', 26),
(929, 'PD00175', 1430, 1, 63, 0, '2022-12-07', 26),
(930, 'PD00175', 1448, 1, 63, 0, '2022-12-07', 26),
(931, 'PD00175', 1449, 1, 63, 0, '2022-12-07', 26),
(932, 'PD00175', 1450, 1, 63, 0, '2022-12-07', 26),
(933, 'PD00175', 1451, 1, 63, 0, '2022-12-07', 26),
(934, 'PD00175', 1452, 1, 63, 0, '2022-12-07', 26),
(935, 'PD00175', 1431, 1, 63, 0, '2022-12-07', 26),
(936, 'PD00175', 1432, 1, 63, 0, '2022-12-07', 26),
(937, 'PD00175', 1434, 1, 63, 0, '2022-12-07', 26),
(938, 'PD00175', 1435, 1, 63, 0, '2022-12-07', 26),
(939, 'PD00175', 1436, 1, 63, 0, '2022-12-07', 26),
(940, 'PD00175', 1437, 1, 63, 0, '2022-12-07', 26),
(941, 'PD00175', 1370, 1, 63, 0, '2022-12-07', 26),
(942, 'PD00175', 1379, 1, 63, 0, '2022-12-07', 26),
(943, 'PD00175', 1380, 1, 63, 0, '2022-12-07', 26),
(944, 'PD00175', 1381, 1, 63, 0, '2022-12-07', 26),
(945, 'PD00175', 1371, 1, 63, 0, '2022-12-07', 26),
(946, 'PD00175', 1372, 1, 63, 0, '2022-12-07', 26),
(947, 'PD00175', 1373, 1, 63, 0, '2022-12-07', 26),
(948, 'PD00175', 1374, 1, 63, 0, '2022-12-07', 26),
(949, 'PD00175', 1375, 1, 63, 0, '2022-12-07', 26),
(950, 'PD00175', 1376, 1, 63, 0, '2022-12-07', 26),
(951, 'PD00175', 1377, 1, 63, 0, '2022-12-07', 26),
(952, 'PD00175', 1378, 1, 63, 0, '2022-12-07', 26),
(953, 'PD00175', 1486, 1, 63, 0, '2022-12-07', 26),
(954, 'PD00175', 1495, 1, 63, 0, '2022-12-07', 26),
(955, 'PD00175', 1496, 1, 63, 0, '2022-12-07', 26),
(956, 'PD00175', 1497, 1, 63, 0, '2022-12-07', 26),
(957, 'PD00175', 1498, 1, 63, 0, '2022-12-07', 26),
(958, 'PD00175', 1499, 1, 63, 0, '2022-12-07', 26),
(959, 'PD00175', 1500, 1, 63, 0, '2022-12-07', 26),
(960, 'PD00175', 1501, 1, 63, 0, '2022-12-07', 26),
(961, 'PD00175', 1502, 1, 63, 0, '2022-12-07', 26),
(962, 'PD00175', 1503, 1, 63, 0, '2022-12-07', 26),
(963, 'PD00175', 1504, 1, 63, 0, '2022-12-07', 26),
(964, 'PD00175', 1487, 1, 63, 0, '2022-12-07', 26),
(965, 'PD00175', 1505, 1, 63, 0, '2022-12-07', 26),
(966, 'PD00175', 1489, 1, 63, 0, '2022-12-07', 26),
(967, 'PD00175', 1490, 1, 63, 0, '2022-12-07', 26),
(968, 'PD00175', 1491, 1, 63, 0, '2022-12-07', 26),
(969, 'PD00175', 1492, 1, 63, 0, '2022-12-07', 26),
(970, 'PD00175', 1493, 1, 63, 0, '2022-12-07', 26),
(971, 'PD00175', 1494, 1, 63, 0, '2022-12-07', 26),
(972, 'PD00175', 1382, 1, 63, 0, '2022-12-07', 26),
(973, 'PD00175', 1391, 1, 63, 0, '2022-12-07', 26),
(974, 'PD00175', 1383, 1, 63, 0, '2022-12-07', 26),
(975, 'PD00175', 1384, 1, 63, 0, '2022-12-07', 26),
(976, 'PD00175', 1385, 1, 63, 0, '2022-12-07', 26),
(977, 'PD00175', 1386, 1, 63, 0, '2022-12-07', 26),
(978, 'PD00175', 1387, 1, 63, 0, '2022-12-07', 26),
(979, 'PD00175', 1388, 1, 63, 0, '2022-12-07', 26),
(980, 'PD00175', 1389, 1, 63, 0, '2022-12-07', 26),
(981, 'PD00175', 1390, 1, 63, 0, '2022-12-07', 26),
(982, 'PD00175', 1457, 1, 63, 0, '2022-12-07', 26),
(983, 'PD00175', 1458, 1, 63, 0, '2022-12-07', 26),
(984, 'PD00175', 1455, 1, 63, 0, '2022-12-07', 26),
(985, 'PD00175', 1456, 1, 63, 0, '2022-12-07', 26),
(986, 'PD00175', 1478, 1, 63, 0, '2022-12-07', 26),
(987, 'PD00175', 1479, 1, 63, 0, '2022-12-07', 26),
(988, 'PD00175', 1394, 1, 63, 0, '2022-12-07', 26),
(989, 'PD00175', 1403, 1, 63, 0, '2022-12-07', 26),
(990, 'PD00175', 1404, 1, 63, 0, '2022-12-07', 26),
(991, 'PD00175', 1405, 1, 63, 0, '2022-12-07', 26),
(992, 'PD00175', 1395, 1, 63, 0, '2022-12-07', 26),
(993, 'PD00175', 1396, 1, 63, 0, '2022-12-07', 26),
(994, 'PD00175', 1397, 1, 63, 0, '2022-12-07', 26),
(995, 'PD00175', 1398, 1, 63, 0, '2022-12-07', 26),
(996, 'PD00175', 1399, 1, 63, 0, '2022-12-07', 26),
(997, 'PD00175', 1400, 1, 63, 0, '2022-12-07', 26),
(998, 'PD00175', 1401, 1, 63, 0, '2022-12-07', 26),
(999, 'PD00175', 1402, 1, 63, 0, '2022-12-07', 26),
(1000, 'PD00175', 1477, 1, 63, 0, '2022-12-07', 26),
(1001, 'PD00175', 1480, 1, 63, 0, '2022-12-07', 26),
(1002, 'PD00175', 1481, 1, 63, 0, '2022-12-07', 26),
(1003, 'PD00175', 1465, 1, 63, 0, '2022-12-07', 26),
(1004, 'PD00175', 1475, 1, 63, 0, '2022-12-07', 26),
(1005, 'PD00175', 1466, 1, 63, 0, '2022-12-07', 26),
(1006, 'PD00175', 1467, 1, 63, 0, '2022-12-07', 26),
(1007, 'PD00175', 1468, 1, 63, 0, '2022-12-07', 26),
(1008, 'PD00175', 1469, 1, 63, 0, '2022-12-07', 26),
(1009, 'PD00175', 1470, 1, 63, 0, '2022-12-07', 26),
(1010, 'PD00175', 1471, 1, 63, 0, '2022-12-07', 26),
(1011, 'PD00175', 1472, 1, 63, 0, '2022-12-07', 26),
(1012, 'PD00175', 1473, 1, 63, 0, '2022-12-07', 26),
(1013, 'PD00175', 1606, 1, 63, 0, '2022-12-07', 26),
(1014, 'PD00175', 1607, 1, 63, 0, '2022-12-07', 26),
(1015, 'PD00175', 1424, 1, 63, 0, '2022-12-07', 26),
(1016, 'PD00175', 1596, 1, 63, 0, '2022-12-07', 26),
(1017, 'PD00175', 1597, 1, 63, 0, '2022-12-07', 26),
(1018, 'PD00175', 1459, 1, 63, 0, '2022-12-07', 26),
(1019, 'PD00175', 1460, 1, 63, 0, '2022-12-07', 26),
(1020, 'PD00175', 1461, 1, 63, 0, '2022-12-07', 26),
(1021, 'PD00175', 1462, 1, 63, 0, '2022-12-07', 26),
(1022, 'PD00175', 1463, 1, 63, 0, '2022-12-07', 26),
(1023, 'PD00175', 1464, 1, 63, 0, '2022-12-07', 26),
(1024, 'PD00175', 1425, 1, 63, 0, '2022-12-07', 26),
(1025, 'PD00175', 1426, 1, 63, 0, '2022-12-07', 26),
(1026, 'PD00175', 1427, 1, 63, 0, '2022-12-07', 26),
(1027, 'PD00175', 1428, 1, 63, 0, '2022-12-07', 26),
(1028, 'PD00175', 1453, 1, 63, 0, '2022-12-07', 26),
(1029, 'PD00175', 1454, 1, 63, 0, '2022-12-07', 26),
(1030, 'PD00175', 1406, 1, 63, 0, '2022-12-07', 26),
(1031, 'PD00175', 1415, 1, 63, 0, '2022-12-07', 26),
(1032, 'PD00175', 1416, 1, 63, 0, '2022-12-07', 26),
(1033, 'PD00175', 1417, 1, 63, 0, '2022-12-07', 26),
(1034, 'PD00175', 1408, 1, 63, 0, '2022-12-07', 26),
(1035, 'PD00175', 1409, 1, 63, 0, '2022-12-07', 26),
(1036, 'PD00175', 1410, 1, 63, 0, '2022-12-07', 26),
(1037, 'PD00175', 1411, 1, 63, 0, '2022-12-07', 26),
(1038, 'PD00175', 1412, 1, 63, 0, '2022-12-07', 26),
(1039, 'PD00175', 1413, 1, 63, 0, '2022-12-07', 26),
(1040, 'PD00175', 1414, 1, 63, 0, '2022-12-07', 26),
(1041, 'PD00175', 1506, 1, 63, 0, '2022-12-07', 26),
(1042, 'PD00175', 1515, 1, 63, 0, '2022-12-07', 26),
(1043, 'PD00175', 1516, 1, 63, 0, '2022-12-07', 26),
(1044, 'PD00175', 1517, 1, 63, 0, '2022-12-07', 26),
(1045, 'PD00175', 1518, 1, 63, 0, '2022-12-07', 26),
(1046, 'PD00175', 1519, 1, 63, 0, '2022-12-07', 26),
(1047, 'PD00175', 1520, 1, 63, 0, '2022-12-07', 26),
(1048, 'PD00175', 1521, 1, 63, 0, '2022-12-07', 26),
(1049, 'PD00175', 1522, 1, 63, 0, '2022-12-07', 26),
(1050, 'PD00175', 1523, 1, 63, 0, '2022-12-07', 26),
(1051, 'PD00175', 1524, 1, 63, 0, '2022-12-07', 26),
(1052, 'PD00175', 1507, 1, 63, 0, '2022-12-07', 26),
(1053, 'PD00175', 1525, 1, 63, 0, '2022-12-07', 26),
(1054, 'PD00175', 1526, 1, 63, 0, '2022-12-07', 26),
(1055, 'PD00175', 1527, 1, 63, 0, '2022-12-07', 26),
(1056, 'PD00175', 1528, 1, 63, 0, '2022-12-07', 26),
(1057, 'PD00175', 1530, 1, 63, 0, '2022-12-07', 26),
(1058, 'PD00175', 1531, 1, 63, 0, '2022-12-07', 26),
(1059, 'PD00175', 1532, 1, 63, 0, '2022-12-07', 26),
(1060, 'PD00175', 1534, 1, 63, 0, '2022-12-07', 26),
(1061, 'PD00175', 1508, 1, 63, 0, '2022-12-07', 26),
(1062, 'PD00175', 1535, 1, 63, 0, '2022-12-07', 26),
(1063, 'PD00175', 1536, 1, 63, 0, '2022-12-07', 26),
(1064, 'PD00175', 1537, 1, 63, 0, '2022-12-07', 26),
(1065, 'PD00175', 1538, 1, 63, 0, '2022-12-07', 26),
(1066, 'PD00175', 1539, 1, 63, 0, '2022-12-07', 26),
(1067, 'PD00175', 1540, 1, 63, 0, '2022-12-07', 26),
(1068, 'PD00175', 1541, 1, 63, 0, '2022-12-07', 26),
(1069, 'PD00175', 1509, 1, 63, 0, '2022-12-07', 26),
(1070, 'PD00175', 1510, 1, 63, 0, '2022-12-07', 26),
(1071, 'PD00175', 1511, 1, 63, 0, '2022-12-07', 26),
(1072, 'PD00175', 1512, 1, 63, 0, '2022-12-07', 26),
(1073, 'PD00175', 1513, 1, 63, 0, '2022-12-07', 26),
(1074, 'PD00175', 1514, 1, 63, 0, '2022-12-07', 26),
(1075, 'PD00175', 1542, 1, 63, 0, '2022-12-07', 26),
(1076, 'PD00175', 1551, 1, 63, 0, '2022-12-07', 26),
(1077, 'PD00175', 1552, 1, 63, 0, '2022-12-07', 26),
(1078, 'PD00175', 1553, 1, 63, 0, '2022-12-07', 26),
(1079, 'PD00175', 1554, 1, 63, 0, '2022-12-07', 26),
(1080, 'PD00175', 1555, 1, 63, 0, '2022-12-07', 26),
(1081, 'PD00175', 1556, 1, 63, 0, '2022-12-07', 26),
(1082, 'PD00175', 1557, 1, 63, 0, '2022-12-07', 26),
(1083, 'PD00175', 1558, 1, 63, 0, '2022-12-07', 26),
(1084, 'PD00175', 1559, 1, 63, 0, '2022-12-07', 26),
(1085, 'PD00175', 1543, 1, 63, 0, '2022-12-07', 26),
(1086, 'PD00175', 1561, 1, 63, 0, '2022-12-07', 26),
(1087, 'PD00175', 1562, 1, 63, 0, '2022-12-07', 26),
(1088, 'PD00175', 1563, 1, 63, 0, '2022-12-07', 26),
(1089, 'PD00175', 1564, 1, 63, 0, '2022-12-07', 26),
(1090, 'PD00175', 1565, 1, 63, 0, '2022-12-07', 26),
(1091, 'PD00175', 1544, 1, 63, 0, '2022-12-07', 26),
(1092, 'PD00175', 1545, 1, 63, 0, '2022-12-07', 26),
(1093, 'PD00175', 1546, 1, 63, 0, '2022-12-07', 26),
(1094, 'PD00175', 1547, 1, 63, 0, '2022-12-07', 26),
(1095, 'PD00175', 1548, 1, 63, 0, '2022-12-07', 26),
(1096, 'PD00175', 1549, 1, 63, 0, '2022-12-07', 26),
(1097, 'PD00175', 1550, 1, 63, 0, '2022-12-07', 26),
(1127, 'PD00177', 1488, 1, 63, 0, '2022-12-07', 26),
(1128, 'PD00177', 1474, 1, 63, 0, '2022-12-07', 26),
(1129, 'PD00177', 1407, 1, 63, 0, '2022-12-07', 26),
(1130, 'PD00177', 1529, 1, 63, 0, '2022-12-07', 26),
(1131, 'PD00177', 1533, 1, 63, 0, '2022-12-07', 26),
(1132, 'PD00177', 1560, 1, 63, 0, '2022-12-07', 26),
(1133, 'PD00178', 772, 1, 88, 0, '2022-12-07', 26),
(1225, 'PD00138', 676, 1, 88, 0, '2022-12-06', 19),
(1226, 'PD00138', 677, 1, 88, 0, '2022-12-06', 19),
(1227, 'PD00138', 678, 1, 88, 0, '2022-12-06', 19),
(1228, 'PD00138', 679, 1, 88, 0, '2022-12-06', 19),
(1229, 'PD00138', 680, 1, 88, 0, '2022-12-06', 19),
(1230, 'PD00138', 681, 1, 88, 0, '2022-12-06', 19),
(1231, 'PD00138', 682, 1, 88, 0, '2022-12-06', 19),
(1232, 'PD00138', 683, 1, 88, 0, '2022-12-06', 19),
(1233, 'PD00138', 684, 1, 88, 0, '2022-12-06', 19),
(1234, 'PD00138', 685, 1, 88, 0, '2022-12-06', 19),
(1235, 'PD00138', 775, 1, 88, 0, '2022-12-06', 19),
(1236, 'PD00138', 686, 1, 88, 0, '2022-12-06', 19),
(1237, 'PD00138', 687, 1, 88, 0, '2022-12-06', 19),
(1238, 'PD00138', 688, 1, 88, 0, '2022-12-06', 19),
(1239, 'PD00138', 689, 1, 88, 0, '2022-12-06', 19),
(1240, 'PD00138', 690, 1, 88, 0, '2022-12-06', 19),
(1241, 'PD00138', 691, 1, 88, 0, '2022-12-06', 19),
(1242, 'PD00138', 692, 1, 88, 0, '2022-12-06', 19),
(1243, 'PD00138', 693, 1, 88, 0, '2022-12-06', 19),
(1244, 'PD00138', 694, 1, 88, 0, '2022-12-06', 19),
(1245, 'PD00138', 695, 1, 88, 0, '2022-12-06', 19),
(1246, 'PD00138', 696, 1, 88, 0, '2022-12-06', 19),
(1247, 'PD00138', 697, 1, 88, 0, '2022-12-06', 19),
(1248, 'PD00138', 698, 1, 88, 0, '2022-12-06', 19),
(1249, 'PD00138', 699, 1, 88, 0, '2022-12-06', 19),
(1250, 'PD00138', 700, 1, 88, 0, '2022-12-06', 19),
(1251, 'PD00138', 701, 1, 88, 0, '2022-12-06', 19),
(1252, 'PD00138', 702, 1, 88, 0, '2022-12-06', 19),
(1253, 'PD00138', 703, 1, 88, 0, '2022-12-06', 19),
(1254, 'PD00138', 704, 1, 88, 0, '2022-12-06', 19),
(1255, 'PD00138', 705, 1, 88, 0, '2022-12-06', 19),
(1256, 'PD00138', 706, 1, 88, 0, '2022-12-06', 19),
(1257, 'PD00138', 707, 1, 88, 0, '2022-12-06', 19),
(1258, 'PD00138', 708, 1, 88, 0, '2022-12-06', 19),
(1259, 'PD00138', 709, 1, 88, 0, '2022-12-06', 19),
(1260, 'PD00138', 710, 1, 88, 0, '2022-12-06', 19),
(1261, 'PD00138', 711, 1, 88, 0, '2022-12-06', 19),
(1262, 'PD00138', 712, 1, 88, 0, '2022-12-06', 19),
(1263, 'PD00138', 713, 1, 88, 0, '2022-12-06', 19),
(1264, 'PD00138', 714, 1, 88, 0, '2022-12-06', 19),
(1265, 'PD00138', 715, 1, 88, 0, '2022-12-06', 19),
(1266, 'PD00138', 716, 1, 88, 0, '2022-12-06', 19),
(1267, 'PD00138', 717, 1, 88, 0, '2022-12-06', 19),
(1268, 'PD00138', 718, 1, 88, 0, '2022-12-06', 19),
(1269, 'PD00138', 719, 1, 88, 0, '2022-12-06', 19),
(1270, 'PD00138', 720, 1, 88, 0, '2022-12-06', 19),
(1271, 'PD00138', 721, 1, 88, 0, '2022-12-06', 19),
(1272, 'PD00138', 722, 1, 88, 0, '2022-12-06', 19),
(1273, 'PD00138', 723, 1, 88, 0, '2022-12-06', 19),
(1274, 'PD00138', 724, 1, 88, 0, '2022-12-06', 19),
(1275, 'PD00138', 725, 1, 88, 0, '2022-12-06', 19),
(1276, 'PD00138', 726, 1, 88, 0, '2022-12-06', 19),
(1277, 'PD00138', 727, 1, 88, 0, '2022-12-06', 19),
(1278, 'PD00138', 728, 1, 88, 0, '2022-12-06', 19),
(1279, 'PD00138', 729, 1, 88, 0, '2022-12-06', 19),
(1280, 'PD00138', 730, 1, 88, 0, '2022-12-06', 19),
(1281, 'PD00138', 731, 1, 88, 0, '2022-12-06', 19),
(1282, 'PD00138', 732, 1, 88, 0, '2022-12-06', 19),
(1283, 'PD00138', 733, 1, 88, 0, '2022-12-06', 19),
(1284, 'PD00138', 734, 1, 88, 0, '2022-12-06', 19),
(1285, 'PD00138', 735, 1, 88, 0, '2022-12-06', 19),
(1286, 'PD00138', 736, 1, 88, 0, '2022-12-06', 19),
(1287, 'PD00138', 737, 1, 88, 0, '2022-12-06', 19),
(1288, 'PD00138', 738, 1, 88, 0, '2022-12-06', 19),
(1289, 'PD00138', 739, 1, 88, 0, '2022-12-06', 19),
(1290, 'PD00138', 740, 1, 88, 0, '2022-12-06', 19),
(1291, 'PD00138', 741, 1, 88, 0, '2022-12-06', 19),
(1292, 'PD00138', 742, 1, 88, 0, '2022-12-06', 19),
(1293, 'PD00138', 743, 1, 88, 0, '2022-12-06', 19),
(1294, 'PD00138', 744, 1, 88, 0, '2022-12-06', 19),
(1295, 'PD00138', 745, 1, 88, 0, '2022-12-06', 19),
(1296, 'PD00138', 746, 1, 88, 0, '2022-12-06', 19),
(1297, 'PD00138', 747, 1, 88, 0, '2022-12-06', 19),
(1298, 'PD00138', 748, 1, 88, 0, '2022-12-06', 19),
(1299, 'PD00138', 749, 1, 88, 0, '2022-12-06', 19),
(1300, 'PD00138', 750, 1, 88, 0, '2022-12-06', 19),
(1301, 'PD00138', 751, 1, 88, 0, '2022-12-06', 19),
(1302, 'PD00138', 752, 1, 88, 0, '2022-12-06', 19),
(1303, 'PD00138', 753, 1, 88, 0, '2022-12-06', 19),
(1304, 'PD00138', 754, 1, 88, 0, '2022-12-06', 19),
(1305, 'PD00138', 755, 1, 88, 0, '2022-12-06', 19),
(1306, 'PD00138', 756, 1, 88, 0, '2022-12-06', 19),
(1307, 'PD00138', 757, 1, 88, 0, '2022-12-06', 19),
(1308, 'PD00138', 758, 1, 88, 0, '2022-12-06', 19),
(1309, 'PD00138', 759, 1, 88, 0, '2022-12-06', 19),
(1310, 'PD00138', 760, 1, 88, 0, '2022-12-06', 19),
(1311, 'PD00138', 761, 1, 88, 0, '2022-12-06', 19),
(1312, 'PD00138', 762, 1, 88, 0, '2022-12-06', 19),
(1313, 'PD00138', 763, 1, 88, 0, '2022-12-06', 19),
(1314, 'PD00138', 764, 1, 88, 0, '2022-12-06', 19),
(1315, 'PD00138', 765, 1, 88, 0, '2022-12-06', 19),
(1316, 'PD00138', 766, 1, 88, 0, '2022-12-06', 19),
(1317, 'PD00138', 767, 1, 88, 0, '2022-12-06', 19),
(1318, 'PD00138', 768, 1, 88, 0, '2022-12-06', 19),
(1319, 'PD00138', 769, 1, 88, 0, '2022-12-06', 19),
(1320, 'PD00138', 770, 1, 88, 0, '2022-12-06', 19),
(1321, 'PD00138', 771, 1, 88, 0, '2022-12-06', 19),
(1322, 'PD00138', 772, 1, 88, 0, '2022-12-06', 19),
(1323, 'PD00138', 773, 1, 88, 0, '2022-12-06', 19),
(1324, 'PD00138', 774, 1, 88, 0, '2022-12-06', 19),
(1325, 'PD00138', 776, 1, 88, 0, '2022-12-06', 19),
(1326, 'PD00138', 674, 1, 88, 0, '2022-12-06', 19),
(1327, 'PD00138', 675, 1, 88, 0, '2022-12-06', 19),
(1328, 'PD00138', 673, 1, 88, 0, '2022-12-06', 19),
(1329, 'PD00138', 778, 1, 88, 0, '2022-12-06', 19),
(1330, 'PD00138', 779, 1, 88, 0, '2022-12-06', 19),
(1331, 'PD00138', 780, 1, 88, 0, '2022-12-06', 19),
(1332, 'PD00138', 781, 1, 88, 0, '2022-12-06', 19),
(1333, 'PD00138', 782, 1, 88, 0, '2022-12-06', 19),
(1334, 'PD00138', 783, 1, 88, 0, '2022-12-06', 19),
(1335, 'PD00138', 784, 1, 88, 0, '2022-12-06', 19),
(1336, 'PD00138', 777, 1, 88, 0, '2022-12-06', 19),
(1337, 'PD00179', 1609, 1, 26, 0, '2022-12-09', 9),
(1338, 'PD00179', 1610, 1, 26, 0, '2022-12-09', 9),
(1339, 'PD00179', 1611, 1, 26, 0, '2022-12-09', 9),
(1340, 'PD00179', 1612, 1, 26, 0, '2022-12-09', 9),
(1341, 'PD00180', 1621, 1, 26, 0, '2022-12-09', 9),
(1342, 'PD00180', 1622, 1, 26, 0, '2022-12-09', 9),
(1343, 'PD00180', 1627, 1, 26, 0, '2022-12-09', 9),
(1344, 'PD00180', 1628, 1, 26, 0, '2022-12-09', 9),
(1345, 'PD00180', 1629, 1, 26, 0, '2022-12-09', 9),
(1346, 'PD00180', 1623, 1, 26, 0, '2022-12-09', 9),
(1347, 'PD00180', 1624, 1, 26, 0, '2022-12-09', 9),
(1348, 'PD00180', 1625, 1, 26, 0, '2022-12-09', 9),
(1349, 'PD00180', 1626, 1, 26, 0, '2022-12-09', 9),
(1350, 'PD00181', 1645, 1, 26, 0, '2022-12-09', 9),
(1351, 'PD00181', 1637, 1, 26, 0, '2022-12-09', 9),
(1352, 'PD00181', 1638, 1, 26, 0, '2022-12-09', 9),
(1353, 'PD00181', 1639, 1, 26, 0, '2022-12-09', 9),
(1354, 'PD00181', 1640, 1, 26, 0, '2022-12-09', 9),
(1355, 'PD00181', 1641, 1, 26, 0, '2022-12-09', 9),
(1356, 'PD00181', 1642, 1, 26, 0, '2022-12-09', 9),
(1357, 'PD00181', 1643, 1, 26, 0, '2022-12-09', 9),
(1358, 'PD00181', 1644, 1, 26, 0, '2022-12-09', 9),
(1359, 'PD00182', 1646, 1, 26, 0, '2022-12-09', 9),
(1360, 'PD00182', 1647, 1, 26, 0, '2022-12-09', 9),
(1361, 'PD00183', 1657, 1, 26, 0, '2022-12-09', 9),
(1362, 'PD00183', 1649, 1, 26, 0, '2022-12-09', 9),
(1363, 'PD00183', 1650, 1, 26, 0, '2022-12-09', 9),
(1364, 'PD00183', 1651, 1, 26, 0, '2022-12-09', 9),
(1365, 'PD00183', 1652, 1, 26, 0, '2022-12-09', 9),
(1366, 'PD00183', 1653, 1, 26, 0, '2022-12-09', 9),
(1367, 'PD00183', 1655, 1, 26, 0, '2022-12-09', 9),
(1368, 'PD00183', 1656, 1, 26, 0, '2022-12-09', 9),
(1369, 'PD00183', 24, 1, 26, 0, '2022-12-09', 9),
(1370, 'PD00183', 1648, 1, 26, 0, '2022-12-09', 9),
(1371, 'PD00184', 1659, 1, 26, 0, '2022-12-09', 9),
(1372, 'PD00184', 1660, 1, 26, 0, '2022-12-09', 9),
(1373, 'PD00184', 1661, 1, 26, 0, '2022-12-09', 9),
(1374, 'PD00185', 1662, 1, 27, 0, '2022-12-09', 9),
(1375, 'PD00185', 1663, 1, 27, 0, '2022-12-09', 9),
(1376, 'PD00186', 1667, 1, 27, 0, '2022-12-09', 9),
(1377, 'PD00186', 1668, 1, 27, 0, '2022-12-09', 9),
(1378, 'PD00186', 1669, 1, 27, 0, '2022-12-09', 9),
(1379, 'PD00186', 1670, 1, 27, 0, '2022-12-09', 9),
(1380, 'PD00186', 1666, 1, 27, 0, '2022-12-09', 9),
(1381, 'PD00187', 1664, 1, 27, 0, '2022-12-09', 9),
(1382, 'PD00187', 1665, 1, 27, 0, '2022-12-09', 9),
(1383, 'PD00188', 1671, 1, 27, 0, '2022-12-09', 9),
(1384, 'PD00188', 1672, 1, 27, 0, '2022-12-09', 9),
(1385, 'PD00188', 1675, 1, 27, 0, '2022-12-09', 9),
(1386, 'PD00188', 1676, 1, 27, 0, '2022-12-09', 9),
(1387, 'PD00189', 1677, 1, 27, 0, '2022-12-09', 9),
(1388, 'PD00189', 1678, 1, 27, 0, '2022-12-09', 9),
(1389, 'PD00189', 1679, 1, 27, 0, '2022-12-09', 9),
(1390, 'PD00189', 1680, 1, 27, 0, '2022-12-09', 9),
(1391, 'PD00190', 1614, 1, 27, 0, '2022-12-09', 9),
(1392, 'PD00190', 1615, 1, 27, 0, '2022-12-09', 9),
(1393, 'PD00190', 1687, 1, 27, 0, '2022-12-09', 9),
(1394, 'PD00190', 1688, 1, 27, 0, '2022-12-09', 9),
(1395, 'PD00191', 1681, 1, 27, 0, '2022-12-09', 9),
(1396, 'PD00191', 1682, 1, 27, 0, '2022-12-09', 9),
(1397, 'PD00192', 324, 1, 27, 0, '2022-12-09', 9),
(1398, 'PD00192', 325, 1, 27, 0, '2022-12-09', 9),
(1399, 'PD00193', 1700, 1, 68, 0, '2022-12-09', 9),
(1400, 'PD00193', 1698, 1, 68, 0, '2022-12-09', 9),
(1401, 'PD00193', 1699, 1, 68, 0, '2022-12-09', 9),
(1402, 'PD00193', 1695, 1, 68, 0, '2022-12-09', 9),
(1403, 'PD00193', 1696, 1, 68, 0, '2022-12-09', 9),
(1404, 'PD00193', 1697, 1, 68, 0, '2022-12-09', 9),
(1405, 'PD00194', 1692, 1, 68, 0, '2022-12-09', 9),
(1406, 'PD00194', 1693, 1, 68, 0, '2022-12-09', 9),
(1407, 'PD00194', 1694, 1, 68, 0, '2022-12-09', 9),
(1408, 'PD00194', 1689, 1, 68, 0, '2022-12-09', 9),
(1409, 'PD00194', 1690, 1, 68, 0, '2022-12-09', 9),
(1410, 'PD00194', 1691, 1, 68, 0, '2022-12-09', 9),
(1411, 'PD00195', 1706, 1, 26, 0, '2022-12-12', 9),
(1412, 'PD00195', 1707, 1, 26, 0, '2022-12-12', 9),
(1413, 'PD00195', 1708, 1, 26, 0, '2022-12-12', 9),
(1414, 'PD00195', 1709, 1, 26, 0, '2022-12-12', 9),
(1415, 'PD00195', 1710, 1, 26, 0, '2022-12-12', 9),
(1416, 'PD00195', 1701, 1, 26, 0, '2022-12-12', 9),
(1417, 'PD00195', 1702, 1, 26, 0, '2022-12-12', 9),
(1418, 'PD00195', 1703, 1, 26, 0, '2022-12-12', 9),
(1419, 'PD00195', 1704, 1, 26, 0, '2022-12-12', 9),
(1420, 'PD00195', 1705, 1, 26, 0, '2022-12-12', 9),
(1421, 'PD00196', 1716, 1, 26, 0, '2022-12-12', 9),
(1422, 'PD00196', 1717, 1, 26, 0, '2022-12-12', 9),
(1423, 'PD00196', 1711, 1, 26, 0, '2022-12-12', 9),
(1424, 'PD00196', 1712, 1, 26, 0, '2022-12-12', 9),
(1425, 'PD00196', 1713, 1, 26, 0, '2022-12-12', 9),
(1426, 'PD00196', 1714, 1, 26, 0, '2022-12-12', 9),
(1427, 'PD00196', 1715, 1, 26, 0, '2022-12-12', 9),
(1428, 'PD00197', 1732, 1, 26, 0, '2022-12-12', 9),
(1429, 'PD00197', 1733, 1, 26, 0, '2022-12-12', 9),
(1430, 'PD00197', 1723, 1, 26, 0, '2022-12-12', 9),
(1431, 'PD00197', 1724, 1, 26, 0, '2022-12-12', 9),
(1432, 'PD00197', 1725, 1, 26, 0, '2022-12-12', 9),
(1433, 'PD00197', 1726, 1, 26, 0, '2022-12-12', 9),
(1434, 'PD00197', 1727, 1, 26, 0, '2022-12-12', 9),
(1435, 'PD00197', 1718, 1, 26, 0, '2022-12-12', 9),
(1436, 'PD00197', 1719, 1, 26, 0, '2022-12-12', 9),
(1437, 'PD00197', 1720, 1, 26, 0, '2022-12-12', 9),
(1438, 'PD00197', 1721, 1, 26, 0, '2022-12-12', 9),
(1439, 'PD00197', 1722, 1, 26, 0, '2022-12-12', 9),
(1440, 'PD00197', 1728, 1, 26, 0, '2022-12-12', 9),
(1441, 'PD00197', 1729, 1, 26, 0, '2022-12-12', 9),
(1442, 'PD00197', 1730, 1, 26, 0, '2022-12-12', 9),
(1443, 'PD00197', 1731, 1, 26, 0, '2022-12-12', 9),
(1444, 'PD00198', 1734, 1, 26, 0, '2022-12-12', 9),
(1445, 'PD00198', 1735, 1, 26, 0, '2022-12-12', 9),
(1446, 'PD00198', 1736, 1, 26, 0, '2022-12-12', 9),
(1447, 'PD00198', 1737, 1, 26, 0, '2022-12-12', 9),
(1448, 'PD00198', 1738, 1, 26, 0, '2022-12-12', 9),
(1449, 'PD00198', 1739, 1, 26, 0, '2022-12-12', 9),
(1450, 'PD00198', 1740, 1, 26, 0, '2022-12-12', 9),
(1451, 'PD00198', 1741, 1, 26, 0, '2022-12-12', 9),
(1452, 'PD00198', 1742, 1, 26, 0, '2022-12-12', 9),
(1453, 'PD00198', 1743, 1, 26, 0, '2022-12-12', 9),
(1454, 'PD00198', 1744, 1, 26, 0, '2022-12-12', 9),
(1455, 'PD00198', 1745, 1, 26, 0, '2022-12-12', 9),
(1456, 'PD00199', 1746, 1, 26, 0, '2022-12-12', 9),
(1457, 'PD00199', 1755, 1, 26, 0, '2022-12-12', 9),
(1458, 'PD00199', 1747, 1, 26, 0, '2022-12-12', 9),
(1459, 'PD00199', 1748, 1, 26, 0, '2022-12-12', 9),
(1460, 'PD00199', 1749, 1, 26, 0, '2022-12-12', 9),
(1461, 'PD00199', 1750, 1, 26, 0, '2022-12-12', 9),
(1462, 'PD00199', 1751, 1, 26, 0, '2022-12-12', 9),
(1463, 'PD00199', 1752, 1, 26, 0, '2022-12-12', 9),
(1464, 'PD00199', 1753, 1, 26, 0, '2022-12-12', 9),
(1465, 'PD00199', 1754, 1, 26, 0, '2022-12-12', 9),
(1466, 'PD00199', 1756, 1, 26, 0, '2022-12-12', 9),
(1467, 'PD00199', 1757, 1, 26, 0, '2022-12-12', 9),
(1468, 'PD00200', 1769, 1, 26, 0, '2022-12-12', 9),
(1469, 'PD00200', 1770, 1, 26, 0, '2022-12-12', 9),
(1470, 'PD00200', 1771, 1, 26, 0, '2022-12-12', 9),
(1471, 'PD00200', 1772, 1, 26, 0, '2022-12-12', 9),
(1472, 'PD00200', 1762, 1, 26, 0, '2022-12-12', 9),
(1473, 'PD00200', 1763, 1, 26, 0, '2022-12-12', 9),
(1474, 'PD00200', 1773, 1, 26, 0, '2022-12-12', 9),
(1475, 'PD00200', 1774, 1, 26, 0, '2022-12-12', 9),
(1476, 'PD00200', 1775, 1, 26, 0, '2022-12-12', 9),
(1477, 'PD00200', 1764, 1, 26, 0, '2022-12-12', 9),
(1478, 'PD00200', 1765, 1, 26, 0, '2022-12-12', 9),
(1479, 'PD00200', 1766, 1, 26, 0, '2022-12-12', 9),
(1480, 'PD00200', 1767, 1, 26, 0, '2022-12-12', 9),
(1481, 'PD00200', 1768, 1, 26, 0, '2022-12-12', 9),
(1482, 'PD00200', 1760, 1, 26, 0, '2022-12-12', 9),
(1483, 'PD00200', 1761, 1, 26, 0, '2022-12-12', 9),
(1484, 'PD00200', 1758, 1, 26, 0, '2022-12-12', 9),
(1485, 'PD00200', 1759, 1, 26, 0, '2022-12-12', 9),
(1486, 'PD00201', 1782, 1, 26, 0, '2022-12-12', 9),
(1487, 'PD00201', 1783, 1, 26, 0, '2022-12-12', 9),
(1488, 'PD00201', 1784, 1, 26, 0, '2022-12-12', 9),
(1489, 'PD00201', 1778, 1, 26, 0, '2022-12-12', 9),
(1490, 'PD00201', 1779, 1, 26, 0, '2022-12-12', 9),
(1491, 'PD00201', 1780, 1, 26, 0, '2022-12-12', 9),
(1492, 'PD00201', 1781, 1, 26, 0, '2022-12-12', 9),
(1493, 'PD00202', 1785, 2, 29, 0, '2022-12-13', 24),
(1494, 'PD00203', 1786, 2, 29, 0, '2022-12-13', 24),
(1495, 'PD00204', 1787, 2, 29, 0, '2022-12-13', 24),
(1496, 'PD00205', 1788, 2, 29, 0, '2022-12-13', 24),
(1497, 'PD00206', 1789, 1, 29, 0, '2022-12-13', 24),
(1498, 'PD00207', 1790, 1, 29, 0, '2022-12-13', 24),
(1499, 'PD00208', 1791, 1, 29, 0, '2022-12-13', 24),
(1500, 'PD00209', 1792, 1, 29, 0, '2022-12-13', 24),
(1501, 'PD00210', 1793, 1, 29, 0, '2022-12-13', 24),
(1502, 'PD00211', 1794, 1, 26, 0, '2022-12-13', 9),
(1503, 'PD00211', 1795, 1, 26, 0, '2022-12-13', 9),
(1504, 'PD00211', 1796, 1, 26, 0, '2022-12-13', 9),
(1505, 'PD00211', 1797, 1, 26, 0, '2022-12-13', 9),
(1506, 'PD00211', 1798, 1, 26, 0, '2022-12-13', 9),
(1507, 'PD00211', 1799, 1, 26, 0, '2022-12-13', 9),
(1508, 'PD00212', 1802, 1, 26, 0, '2022-12-13', 9),
(1509, 'PD00212', 1803, 1, 26, 0, '2022-12-13', 9);
INSERT INTO `tb_pindah` (`id_pindah`, `kode_pindah`, `id_baranginv`, `status`, `id_ruang`, `id_kondisi`, `tgl_pindah`, `id_user`) VALUES
(1510, 'PD00212', 1804, 1, 26, 0, '2022-12-13', 9),
(1511, 'PD00212', 1805, 1, 26, 0, '2022-12-13', 9),
(1512, 'PD00212', 1806, 1, 26, 0, '2022-12-13', 9),
(1513, 'PD00212', 1800, 1, 26, 0, '2022-12-13', 9),
(1514, 'PD00212', 1801, 1, 26, 0, '2022-12-13', 9),
(1515, 'PD00213', 1807, 1, 26, 0, '2022-12-13', 9),
(1516, 'PD00213', 1808, 1, 26, 0, '2022-12-13', 9),
(1517, 'PD00213', 1809, 1, 26, 0, '2022-12-13', 9),
(1518, 'PD00214', 1810, 1, 26, 0, '2022-12-13', 9),
(1519, 'PD00214', 1811, 1, 26, 0, '2022-12-13', 9),
(1520, 'PD00214', 1812, 1, 26, 0, '2022-12-13', 9),
(1521, 'PD00214', 1813, 1, 26, 0, '2022-12-13', 9),
(1522, 'PD00215', 1814, 1, 26, 0, '2022-12-13', 9),
(1523, 'PD00216', 1817, 1, 26, 0, '2022-12-13', 9),
(1524, 'PD00216', 1818, 1, 26, 0, '2022-12-13', 9),
(1525, 'PD00216', 1815, 1, 26, 0, '2022-12-13', 9),
(1526, 'PD00216', 1816, 1, 26, 0, '2022-12-13', 9),
(1527, 'PD00217', 1819, 1, 26, 0, '2022-12-13', 9),
(1528, 'PD00217', 1820, 1, 26, 0, '2022-12-13', 9),
(1529, 'PD00217', 1821, 1, 26, 0, '2022-12-13', 9),
(1530, 'PD00218', 1824, 1, 26, 0, '2022-12-13', 9),
(1531, 'PD00218', 1683, 1, 26, 0, '2022-12-13', 9),
(1532, 'PD00218', 1684, 1, 26, 0, '2022-12-13', 9),
(1533, 'PD00219', 26, 1, 22, 0, '2022-12-14', 1),
(1534, 'PD00220', 27, 1, 22, 0, '2022-12-14', 1),
(1535, 'PD00221', 1825, 1, 26, 0, '2022-12-14', 9),
(1536, 'PD00221', 1834, 1, 26, 0, '2022-12-14', 9),
(1537, 'PD00221', 1826, 1, 26, 0, '2022-12-14', 9),
(1538, 'PD00221', 1827, 1, 26, 0, '2022-12-14', 9),
(1539, 'PD00221', 1828, 1, 26, 0, '2022-12-14', 9),
(1540, 'PD00221', 1829, 1, 26, 0, '2022-12-14', 9),
(1541, 'PD00221', 1830, 1, 26, 0, '2022-12-14', 9),
(1542, 'PD00221', 1831, 1, 26, 0, '2022-12-14', 9),
(1543, 'PD00221', 1832, 1, 26, 0, '2022-12-14', 9),
(1544, 'PD00221', 1833, 1, 26, 0, '2022-12-14', 9),
(1545, 'PD00222', 1835, 1, 26, 0, '2022-12-15', 9),
(1546, 'PD00223', 4, 1, 62, 0, '2022-12-15', 8),
(1547, 'PD00224', 25, 1, 22, 0, '2022-12-15', 8),
(1548, 'PD00225', 8, 1, 62, 0, '2022-12-15', 8),
(1549, 'PD00226', 13, 1, 22, 0, '2022-12-15', 8),
(1550, 'PD00227', 35, 1, 46, 0, '2022-12-15', 8),
(1551, 'PD00228', 18, 1, 46, 0, '2022-12-15', 8),
(1552, 'PD00229', 34, 1, 46, 0, '2022-12-15', 8),
(1553, 'PD00230', 10, 1, 62, 0, '2022-12-15', 8),
(1554, 'PD00231', 6, 1, 62, 0, '2022-12-15', 8),
(1555, 'PD00232', 28, 1, 22, 0, '2022-12-15', 8),
(1556, 'PD00233', 32, 1, 46, 0, '2022-12-15', 8),
(1557, 'PD00234', 16, 1, 22, 0, '2022-12-15', 8),
(1558, 'PD00235', 31, 1, 46, 0, '2022-12-15', 8),
(1559, 'PD00236', 38, 1, 22, 0, '2022-12-15', 8),
(1560, 'PD00237', 23, 1, 22, 0, '2022-12-15', 8),
(1561, 'PD00238', 19, 1, 22, 0, '2022-12-15', 8),
(1562, 'PD00239', 37, 1, 22, 0, '2022-12-15', 8),
(1563, 'PD00240', 151, 1, 22, 0, '2022-12-15', 8),
(1564, 'PD00241', 161, 1, 22, 0, '2022-12-15', 8),
(1565, 'PD00242', 138, 1, 22, 0, '2022-12-15', 8),
(1566, 'PD00243', 29, 1, 46, 0, '2022-12-15', 8),
(1567, 'PD00244', 160, 1, 22, 0, '2022-12-15', 8),
(1568, 'PD00245', 30, 1, 46, 0, '2022-12-15', 8),
(1569, 'PD00246', 162, 1, 22, 0, '2022-12-15', 8),
(1570, 'PD00247', 14, 1, 22, 0, '2022-12-15', 8),
(1571, 'PD00248', 20, 1, 22, 0, '2022-12-15', 8),
(1572, 'PD00249', 12, 1, 62, 0, '2022-12-15', 8),
(1573, 'PD00250', 36, 1, 46, 0, '2022-12-15', 8),
(1574, 'PD00251', 7, 1, 62, 0, '2022-12-15', 8),
(1575, 'PD00252', 133, 1, 46, 0, '2022-12-15', 8),
(1576, 'PD00253', 170, 1, 22, 0, '2022-12-15', 8),
(1577, 'PD00254', 40, 1, 22, 0, '2022-12-15', 8),
(1578, 'PD00255', 137, 1, 22, 0, '2022-12-15', 8),
(1579, 'PD00256', 163, 1, 22, 0, '2022-12-15', 8),
(1580, 'PD00257', 153, 1, 22, 0, '2022-12-15', 8),
(1581, 'PD00258', 39, 1, 22, 0, '2022-12-15', 8),
(1582, 'PD00259', 15, 1, 22, 0, '2022-12-15', 8),
(1583, 'PD00260', 157, 1, 22, 0, '2022-12-15', 8),
(1584, 'PD00261', 166, 1, 22, 0, '2022-12-15', 8),
(1585, 'PD00262', 156, 1, 22, 0, '2022-12-15', 8),
(1586, 'PD00263', 165, 1, 22, 0, '2022-12-15', 8),
(1587, 'PD00264', 155, 1, 22, 0, '2022-12-15', 8),
(1588, 'PD00265', 17, 1, 22, 0, '2022-12-15', 8),
(1589, 'PD00266', 164, 1, 22, 0, '2022-12-15', 8),
(1590, 'PD00267', 154, 1, 22, 0, '2022-12-15', 8),
(1591, 'PD00268', 358, 1, 22, 0, '2022-12-15', 8),
(1592, 'PD00269', 141, 1, 22, 0, '2022-12-15', 8),
(1593, 'PD00270', 135, 1, 22, 0, '2022-12-15', 8),
(1594, 'PD00271', 169, 1, 22, 0, '2022-12-15', 8),
(1595, 'PD00272', 159, 1, 22, 0, '2022-12-15', 8),
(1596, 'PD00273', 168, 1, 22, 0, '2022-12-15', 8),
(1597, 'PD00274', 158, 1, 22, 0, '2022-12-15', 8),
(1598, 'PD00275', 167, 1, 35, 0, '2022-12-15', 8),
(1599, 'PD00276', 145, 1, 22, 0, '2022-12-15', 8),
(1600, 'PD00277', 144, 1, 22, 0, '2022-12-15', 8),
(1601, 'PD00278', 140, 1, 22, 0, '2022-12-15', 8),
(1602, 'PD00279', 143, 1, 22, 0, '2022-12-15', 8),
(1603, 'PD00280', 136, 1, 22, 0, '2022-12-15', 8),
(1604, 'PD00281', 139, 1, 22, 0, '2022-12-15', 8),
(1605, 'PD00282', 152, 1, 22, 0, '2022-12-15', 8),
(1606, 'PD00283', 142, 1, 22, 0, '2022-12-15', 8),
(1607, 'PD00284', 5, 1, 22, 0, '2022-12-15', 8),
(1608, 'PD00285', 134, 1, 46, 0, '2022-12-15', 8),
(1609, 'PD00286', 131, 1, 46, 0, '2022-12-15', 8),
(1610, 'PD00287', 149, 1, 22, 0, '2022-12-15', 8),
(1611, 'PD00288', 130, 1, 46, 0, '2022-12-15', 8),
(1612, 'PD00289', 148, 1, 22, 0, '2022-12-15', 8),
(1613, 'PD00290', 129, 1, 46, 0, '2022-12-15', 8),
(1614, 'PD00291', 147, 1, 22, 0, '2022-12-15', 8),
(1615, 'PD00292', 128, 1, 46, 0, '2022-12-15', 8),
(1616, 'PD00293', 146, 1, 22, 0, '2022-12-15', 8),
(1617, 'PD00294', 127, 1, 46, 0, '2022-12-15', 8),
(1618, 'PD00295', 21, 1, 22, 0, '2022-12-15', 8),
(1619, 'PD00296', 11, 1, 62, 0, '2022-12-15', 8),
(1620, 'PD00297', 22, 1, 22, 0, '2022-12-15', 8),
(1621, 'PD00298', 132, 1, 46, 0, '2022-12-15', 8),
(1622, 'PD00299', 150, 1, 22, 0, '2022-12-15', 8),
(1681, 'PD00300', 175, 2, 64, 1, '2022-12-29', 1),
(1682, 'PD00300', 1785, 2, 64, 1, '2022-12-29', 1),
(1683, 'PD00300', 1787, 1, 64, 1, '2022-12-29', 1),
(1698, 'PD00301', 1843, 2, 35, 1, '2023-11-05', 1),
(1699, 'PD00301', 1842, 1, 35, 2, '2023-11-05', 1);

-- --------------------------------------------------------

--
-- Table structure for table `tb_pindahtemp`
--

CREATE TABLE `tb_pindahtemp` (
  `id` int(11) NOT NULL,
  `id_baranginv` int(11) NOT NULL,
  `id_ruang` int(3) NOT NULL,
  `kode_pindah` varchar(10) NOT NULL,
  `id_user` int(3) NOT NULL
) ENGINE=InnoDB DEFAULT CHARSET=latin1;

-- --------------------------------------------------------

--
-- Table structure for table `tb_ruang`
--

CREATE TABLE `tb_ruang` (
  `id_ruang` int(3) NOT NULL,
  `ruang` varchar(50) NOT NULL,
  `nomor` varchar(5) NOT NULL,
  `nama_pj` varchar(50) NOT NULL,
  `nip_pj` varchar(50) NOT NULL
) ENGINE=InnoDB DEFAULT CHARSET=latin1;

--
-- Dumping data for table `tb_ruang`
--

INSERT INTO `tb_ruang` (`id_ruang`, `ruang`, `nomor`, `nama_pj`, `nip_pj`) VALUES
(1, 'LABORATORIUM KOMPUTER 01', '010', 'SISWANTO HADI WARSITO.S.Kom', '198311242022211004'),
(2, 'LABORATORIUM KOMPUTER 02', '011', 'SISWANTO HADI WARSITO.S.Kom', '198311242022211004'),
(3, 'LABORATORIUM PENGOLAHAN DIVERSIFIKASI', '073', 'FATMAWATI SULISTYANI', '198012012022212009'),
(4, 'Lab CBT', '012', 'ANGGIT NUGROHO', '-'),
(5, 'UKS', '050', 'ETIK SURYANI, S. Pd', '197202251999032007'),
(6, 'BENGKEL TKPI COE', '020', 'MUHAMMAD YUSUP, S.Pd', '19830319 202221 1 014'),
(7, 'BENGKEL TKPI 1 (KELISTRIKAN)', '018', 'MUHAMMAD YUSUP, S.Pd', '19830319 202221 1 014'),
(8, 'RUANG KEPALA SEKOLAH', '001', 'INTOFIYAH, S.Pd.', '19741110 202221 2 009'),
(9, 'Bengkel NKN 2 (Bridge Ship Simulator)', '022', 'ANGGIT NUGROHO', '- '),
(10, 'BENGKEL TKPI 2 (KERJA BENGKEL)', '019', 'MUHAMMAD YUSUP, S.Pd', '19830319 202221 1 014'),
(13, 'BENGKEL NKPI 1 (ALAT TANGKAP)', '016', 'WARSITO', ''),
(14, 'WAKA 3', '004', 'SRI ASTUTI', ''),
(15, 'LAB FISIKA/KIMA', '014', 'WALSIYAM, S.Pd', '19790910 200502 2 002'),
(16, 'TATA USAHA', '007', 'APRIYANTO', ''),
(17, 'BENGKEL  NKPI 2 (KECAKAPAN BAHARI)', '017', 'WARSITO', ''),
(18, 'RUANG KELAS/TEORI 01', '026', 'AGUS SOLEKHAN', '-'),
(19, 'Ruang Guru TKR', '057', 'Fitria Maysaroh', '199105052022212015'),
(20, 'RUANG STAF TARUNA ', '053', 'SRI ASTUTI', ''),
(21, 'RUANG WAKA 4', '005', 'INTOFIYAH, S.Pd.', '19741110 202221 2 009'),
(22, 'BENGKEL TKR 1 ( CHASIS 1 )', '023', 'NARYADI', ''),
(23, 'RUANG PRAMUKA ', '052', 'SRI ASTUTI', ''),
(24, 'RUANG EX.KURIKULUM', '072', 'INTOFIYAH, S.Pd.', '19741110 202221 2 009'),
(25, 'RUANG KELAS/TEORI 02', '027', 'AGUS SOLEKHAN', '-'),
(26, 'BENGKEL MESIN (ENGINE) TKR', '024', 'MUHAMIM', ''),
(27, 'BENGKEL KELISTRIKAN TKR', '025', 'MUHAMIM', ''),
(28, 'LABORATORIUM BAHASA', '013', 'ANNA HIDAYATI, S.Pd.', ''),
(29, 'PERPUSTAKAAN', '008', 'DWI YULIMANINGSIH', '-'),
(30, 'RUANG KELAS/TEORI 03', '028', 'AGUS SOLEKHAN', '-'),
(31, 'RUANG KELAS/TEORI 04', '029', 'AGUS SOLEKHAN', '-'),
(32, 'RUANG KELAS/TEORI 05', '030', 'AGUS SOLEKHAN', '-'),
(34, 'RUANG KELAS/TEORI 06', '031', 'AGUS SOLEKHAN', '-'),
(35, 'AUDIOVISUAL', '027', 'SUTOMO', ''),
(36, 'RUANG KELAS/TEORI 12', '037', 'DENI SETYO MIRAWANTO', '198805272022211005'),
(37, 'RUANG KELAS/TEORI 07', '032', 'AGUS SOLEKHAN', '-'),
(38, 'RUANG KELAS/TEORI 13', '038', 'DENI SETYO MIRAWANTO', '198805272022211005'),
(39, 'RUANG KELAS/TEORI 08', '033', 'AGUS SOLEKHAN', '-'),
(40, 'RUANG KELAS/TEORI 09', '034', 'AGUS SOLEKHAN', '-'),
(41, 'RUANG KELAS/TEORI 10', '035', 'AGUS SOLEKHAN', '-'),
(42, 'RUANG KELAS/TEORI 14', '039', 'AGUS SOLEKHAN', '-'),
(43, 'RUANG KELAS/TEORI 11', '036', 'AGUS SOLEKHAN', '-'),
(44, 'RUANG KELAS/TEORI 15', '040', 'DENI SETYO MIRAWANTO', '198805272022211005'),
(45, 'KECAKAPAN BAHARI', '017', 'SUTOMO', ''),
(46, 'BENGKEL KERJA BANGKU TKR', '064', 'NARYADI', ''),
(47, 'RUANG KELAS/TEORI 16', '041', 'DENI SETYO MIRAWANTO', '198805272022211005'),
(48, 'BENGKEL NKPI 3 ( NAVIGASI)', '056', 'KURNIAWAN', '19820629 200604 1 009'),
(49, 'BENGKEL NKPI 4 ( MENJANGKA PETA)', '057', 'KURNIAWAN', '19820629 200604 1 009'),
(50, 'RUANG KELAS/TEORI 17', '042', 'DENI SETYO MIRAWANTO', '198805272022211005'),
(51, 'RUANG KELAS/TEORI 18', '043', 'DENI SETYO MIRAWANTO', '198805272022211005'),
(52, 'BENGKEL NKPI 5 (KOLAM SIMULASI LAUT)', '058', 'WARSITO', ''),
(53, 'RUANG KELAS/TEORI 19', '044', 'DENI SETYO MIRAWANTO', '198805272022211005'),
(54, 'RUANG KELAS/TEORI 20', '045', 'DENI SETYO MIRAWANTO', '198805272022211005'),
(55, 'RUANG KELAS/TEORI 21', '046', 'AGUS SOLEKHAN', '-'),
(56, 'RUANG KELAS/TEORI 22', '047', 'AGUS SOLEKHAN', '-'),
(57, 'RUANG KELAS/TEORI 23', '048', 'AGUS SOLEKHAN', '-'),
(58, 'RUANG KELAS/TEORI 24', '049', 'AGUS SOLEKHAN', '-'),
(59, 'RUANG KELAS/TEORI 25', '050', 'AGUS SOLEKHAN', '-'),
(60, 'RUANG LOBI', '056', 'APRIYANTO', ''),
(61, 'TEACHING FACTORY APHP', '063', 'FATMAWATI SULISTYANI', '198012012022212009'),
(62, 'BENGKEL TKR 1 ( CHASIS 2 )', '062', 'NARYADI', ''),
(63, 'RUANG OLAH RAGA ', '051', 'SRI ASTUTI', ''),
(64, 'Lab CBT', '012', 'ANGGIT NUGROHO', '-'),
(65, 'Bengkel NKN 2 (Bridge Ship Simulator)', '022', 'ANGGIT NUGROHO', '-'),
(66, 'RUANG STUDIO MUSIK', '058', 'SRI ASTUTI', ''),
(67, 'RUANG GURU TKPI', '061', 'MUHAMMAD YUSUP, S.Pd', '19830319 202221 1 014'),
(68, 'RUANG BKK', '060', 'MUHAMIM', ''),
(69, 'RUANG DRUMBAND', '059', 'SRI ASTUTI', ''),
(70, 'GURU NKN', '071', 'Dewi Anggraeni K,S.Pi', '19740530202221 2 003'),
(71, 'RUANG WAKA 1', '070', 'INTOFIYAH, S.Pd.', '19741110 202221 2 009'),
(72, 'LABORATORIUM PENGOLAHAN TRADISIONAL', '069', 'FATMAWATI SULISTYANI', '198012012022212009'),
(73, 'RUANG WAKA 2', '068', 'INTOFIYAH, S.Pd.', '19741110 202221 2 009'),
(74, 'BENGKEL TEACHING FACTORY TKR', '067', 'NARYADI', ''),
(75, 'LABORATORIUM PENGUJIAN MUTU ', '066', 'FATMAWATI SULISTYANI', '198012012022212009'),
(76, 'RUANG WAKA 3', '065', 'INTOFIYAH, S.Pd.', '19741110 202221 2 009'),
(77, 'RUANG KELAS/TEORI 26', '051', 'AGUS SOLEKHAN', '-'),
(78, 'WC/TOILET (samping ruang BKK)', '083', 'SUKIRNO, SE.', '-'),
(79, 'WC/TOILET (samping dapur)', '082', 'SUKIRNO, SE.', '-'),
(80, 'WC/TOILET (depan ruang teori 10)', '081', 'SUKIRNO, SE.', '-'),
(81, 'WC/TOILET (samping ruang teori 12)', '080', 'SUKIRNO, SE.', '-'),
(82, 'WC/TOILET (samping 24)', '079', 'SUKIRNO, SE.', '-'),
(83, 'WC/TOILET (samping ruang aphpi)', '078', 'SUKIRNO, SE.', '-'),
(84, 'WC/TOILET (samping ruang TKPI)', '077', 'SUKIRNO, SE.', '-'),
(85, 'WC/TOILET (samping ruang waka kurikulum)', '076', 'SUKIRNO, SE.', '-'),
(86, 'WC/TOILET (samping ruang bengkel COE)', '075', 'SUKIRNO, SE.', '-'),
(87, 'WC/TOILET (samping ruang pertemuan lantai 2)', '074', 'SUKIRNO, SE.', '-'),
(88, 'DAPUR SEKOLAH', '075', 'SUKIRNO,SE.', '-'),
(89, 'RUANG LSP', '084', 'APRIYANTO', '-'),
(90, 'Ruang Pertemuan ', '075', 'SUKIRNO,SE.', '-'),
(91, 'Satpam', '085', 'SUKIRNO,SE.', '-');

-- --------------------------------------------------------

--
-- Table structure for table `tb_tahun`
--

CREATE TABLE `tb_tahun` (
  `id_tahun` int(4) NOT NULL,
  `tahun` varchar(10) NOT NULL
) ENGINE=InnoDB DEFAULT CHARSET=latin1;

--
-- Dumping data for table `tb_tahun`
--

INSERT INTO `tb_tahun` (`id_tahun`, `tahun`) VALUES
(1, '2016'),
(2, '2017'),
(4, '2018'),
(5, '2019'),
(6, '2020'),
(7, '2021'),
(8, '2022'),
(9, '2023');

-- --------------------------------------------------------

--
-- Table structure for table `tb_tanah`
--

CREATE TABLE `tb_tanah` (
  `id_tanah` int(4) NOT NULL,
  `tanah` varchar(100) NOT NULL,
  `luas` varchar(50) NOT NULL,
  `selatan` varchar(80) NOT NULL,
  `timur` varchar(80) NOT NULL,
  `barat` varchar(80) NOT NULL,
  `utara` varchar(80) NOT NULL,
  `tahun_p` varchar(5) NOT NULL,
  `sumberdana` varchar(80) NOT NULL
) ENGINE=InnoDB DEFAULT CHARSET=latin1;

--
-- Dumping data for table `tb_tanah`
--

INSERT INTO `tb_tanah` (`id_tanah`, `tanah`, `luas`, `selatan`, `timur`, `barat`, `utara`, `tahun_p`, `sumberdana`) VALUES
(1, 'Tanah Sekolah', '20143M', 'KANTOR DESA', 'LAHAN PERTANIAN', 'PEMUKIMAN', 'LAHAN PERTANIAN', '2016', 'HIBAH');

-- --------------------------------------------------------

--
-- Table structure for table `tb_user`
--

CREATE TABLE `tb_user` (
  `id_user` int(3) NOT NULL,
  `nama` varchar(50) NOT NULL,
  `nip` varchar(30) NOT NULL,
  `username` varchar(30) NOT NULL,
  `password` varchar(100) NOT NULL,
  `email` varchar(100) NOT NULL,
  `level` varchar(10) NOT NULL,
  `is_active` int(1) NOT NULL
) ENGINE=InnoDB DEFAULT CHARSET=latin1;

--
-- Dumping data for table `tb_user`
--

INSERT INTO `tb_user` (`id_user`, `nama`, `nip`, `username`, `password`, `email`, `level`, `is_active`) VALUES
(1, 'Administrator', '', 'admin', '$2y$10$PjdHNaf3Ca.uXeMKWLJvx.Uawnljzs73fUvcpMM7LIBuPwCHOTElq', 'admin@gmail.com', 'superadmin', 1),
(2, 'UMI ROKHAYATUN, S.Pd.,M.Si.,Ak.,CA', '19710509 199903 2 006', 'ibuks', '$2y$10$hZcfRb4S7JJfwqJsWaAR1eCpIX.rhEgn.K1rdENEIeJlswOuCIPTy', 'ks@gmail.com', 'ks', 1),
(3, 'Walsiyam, S.Pd ', '19790910 200502 2 002', 'walsiyam', '$2y$10$5xciNYnjpTWG2lWS5oDB3eoPjuMJdwtAPB//w/dEjfAKB2tR9w2H.', 'walsiyam@smkn1puring.sch.id', 'operator', 1),
(4, 'Fatmawati Sulistyani, S.Pd. ', '19801201 202221 2 009', 'fatmawati', '$2y$10$0GalS0rf/ySPi4g0MJXJ2eNidV70WGuJ0eE2b1vX6tvKEvN9jvhDm', 'fatmawati@smkn1puring.sch.id', 'operator', 1),
(5, 'Siswanto Hadi W., S.Kom.', '19831124 202221 1 004', 'siswanto', '$2y$10$wdanZxeBd/aNDHXa13PvnuY3gXq6cmcJUu6NN38s3jiQuE.4S.era', 'siswanto@smkn1puring.sch.id', 'operator', 1),
(6, 'Anna Hidayati, S.Pd. ', '', 'annahidayati', '$2y$10$syYZgmWyMtInAvuLxWGCreTlXRV4Xky4YIifMRWLm0r5oJ3aQ9QCO', 'anna@smkn1puring.sch.id', 'operator', 1),
(7, 'Fitria Maysaroh, S.Pd', '19910505 202221 2 015', 'fitriamaysaroh', '$2y$10$6yAimYbAQIpk2QCOh.tD1esKNsuEt7yZm7wujOMpKmHOPYsjRQmVO', 'fitriamaysaroh@smkn1puring.sch.id', 'operator', 1),
(8, 'Naryadi, S.Pd.', '', 'naryadi', '$2y$10$IKzAyCYIoQSQKFnPgdmFme3OS3fVTTPPaNr/juq.gJsCn7.yegBTa', 'naryadi@smkn1puring.sch.id', 'operator', 1),
(9, 'Muhamim', '', 'muhamim', '$2y$10$90zH7IrHrxOx0Z4hHf5h7Okmey4dXa6RxwmxW0wy./o/IGQHDcPyK', 'muhamim@smkn1puring.sch.id', 'operator', 1),
(10, 'Kurniawan Adi Wibowo, S.Kel.', '19820629 200604 1 009', 'kurniawan', '$2y$10$A2YH7g/LkfpKI8WL35iiJ.3TcwXafX7.GCCPKMYQFpiXZwEVq1RYW', 'kurniawan@gmail.com', 'operator', 1),
(11, 'Warsito', '', 'warsito', '$2y$10$/zxSmyLIKeoQNybs1.O0LuFQ0MZeEjP2qODA8HK7f9HlWlk.JYQuK', 'warsito@smkn1puring.sch.id', 'operator', 1),
(12, 'Budi setiono', '', 'budisetiono', '$2y$10$p/PLxbugnsfPsEZEw1OSIOVTEqrS5tpBaDq58FS9OSQ63A/ATWzjC', 'budisetiono@smkn1puring.sch.id', 'operator', 1),
(13, 'Muhamad Yusup, S.Pd', '19830319 202221 1 014', 'yusup', '$2y$10$chaTouYge77a51U7YXctj.PnpHHTqgp79yj6.1DG86tzEX7PpDWP6', 'yusup@smkn1puring.sch.id', 'operator', 1),
(14, 'Anggit Nugroho, A.Md', '', 'anggit', '$2y$10$2ADfP/0Z.95QM8llMpEo2uDJ.9aS.9HLiN9VoFFOZ8D491DOAl4RG', 'anggit@smkn1puring.sch.id', 'operator', 1),
(15, 'Dewi Anggraeni K., S.Pi. ', '19740530 202221 2 003', 'anggraeni', '$2y$10$Axa8Ys0qaM8oEoFZ5f0omeKRcvh6tCOX34m92MWfTx1cW4OaNRJ92', 'anggraeni@smkn1puring.sch.id', 'operator', 1),
(16, 'Syamsul Irsyad F., S.Pi.', '19941001 201902 1 002', 'syamsul', '$2y$10$0rzEC4A7ucDHNjSUgwh34ur5lUxmaK9bXPUdu95CHt7jrnodOQ7Va', 'syamsul@smkn1puring.sch.id', 'operator', 1),
(17, 'Trubus Triyono', '', 'trubus', '$2y$10$TLR.lVQ303idS9m0CbdkS.UAyBe8CoevXxnMmyvU4CX5GBvRgtFrO', 'trubus@smkn1puring.sch.id', 'operator', 1),
(18, 'Deni Mirawanto, S.Pd.', '19880527 202221 1 005', 'denimirawanto', '$2y$10$S.Fv/yutZ8gllEGm4zLln.9AzLolRBhPqMioh6Me7e4N.BNlR/092', 'denimirawanto@smkn1puring.sch.id', 'operator', 1),
(19, 'Sukirno, S.E.', '', 'sukirno', '$2y$10$udXgOqdHWj1HR.lj/lnE4.4cJw/M8/iEV3bTUMBV7djZRCv1jsToq', 'sukirno@smkn1puring.sch.id', 'operator', 1),
(20, 'Muji Rahmat, S.Pd. ', '', 'mujirahmat', '$2y$10$Q58QDjaj/NOmLZXP8vLZPedfwYbAeKN8OStVOLjU2do0XoO6gGJte', 'mujirahmat@smkn1puring.sch.id', 'operator', 1),
(21, 'Agus Solekhan, S.Pd.', '', 'agussolekhan', '$2y$10$zDZuEVq/0Tt2PRUjp4kt1eIIYFdQlInqRP2VKaeWvsVItJlCs/ZEC', 'agussolekhan@smkn1puring.sch.id', 'operator', 1),
(22, 'Intofiyah, S.Pd. ', '19741110 202221 2 009', 'intofiyah', '$2y$10$7KqRfr3RFH4CMe06r3MJueVBVH3ORmy4qwRhSJfxebi3e7PTnD3Yu', 'intofiyah@smkn1puring.sch.id', 'operator', 1),
(23, 'Apriyanto, S.M.', '', 'apriyanto', '$2y$10$4hcSXJ8/3Aw0m7.Q.Z97T.Mn8TW0MU3ijdf/BqxoiVyZz4Uk7ow.a', 'apriyanto@smkn1puring.sch.id', 'operator', 1),
(24, 'Dwi Yulimaningsih, S.Pust. ', '', 'dwiyuli', '$2y$10$G6avzKzFFglAaEKaLokvSeyKoAZ0AcfiOmNJCu3WQUM4AfDrzrP36', 'dwiyuli@smkn1puring.sch.id', 'operator', 1),
(25, 'Sutomo', '', 'sutomo', '$2y$10$7v4zUTmiEZX50IhJdJNqXeETF/jCMGoCtPQxTShKTJ7ZXDaNksrJS', 'sutomo@smkn1puring.sch.id', 'operator', 1),
(26, 'Sri Astuti, A.Md.', '', 'sriastuti', '$2y$10$fK3oz386XdGhvXjk/BQJCOoo8GLnNH/Q3qn/9Jb5gZCh3.rQpF.CK', 'sriastuti@smkn1puring.sch.id', 'operator', 1),
(27, 'Etik Suryani, S.Pd. ', '19721225 199903 2 007', 'etiksuryani', '$2y$10$z9xib1odPgNME9bDQ5Dz5uY0ccdyOa5aC1iPKgkTngIIRej9coEgm', 'etik@smkn1puring.sch.id', 'operator', 1);

--
-- Indexes for dumped tables
--

--
-- Indexes for table `tb_baranghp`
--
ALTER TABLE `tb_baranghp`
  ADD PRIMARY KEY (`id_baranghp`);

--
-- Indexes for table `tb_baranginv`
--
ALTER TABLE `tb_baranginv`
  ADD PRIMARY KEY (`id_baranginv`);

--
-- Indexes for table `tb_detailkeluarhp`
--
ALTER TABLE `tb_detailkeluarhp`
  ADD PRIMARY KEY (`id`);

--
-- Indexes for table `tb_gedung`
--
ALTER TABLE `tb_gedung`
  ADD PRIMARY KEY (`id_gedung`);

--
-- Indexes for table `tb_kategori`
--
ALTER TABLE `tb_kategori`
  ADD PRIMARY KEY (`id_kategori`);

--
-- Indexes for table `tb_keluarhp`
--
ALTER TABLE `tb_keluarhp`
  ADD PRIMARY KEY (`id_keluarhp`);

--
-- Indexes for table `tb_keluarhptemp`
--
ALTER TABLE `tb_keluarhptemp`
  ADD PRIMARY KEY (`id`);

--
-- Indexes for table `tb_kondisi`
--
ALTER TABLE `tb_kondisi`
  ADD PRIMARY KEY (`id_kondisi`);

--
-- Indexes for table `tb_masukhp`
--
ALTER TABLE `tb_masukhp`
  ADD PRIMARY KEY (`id_masukhp`);

--
-- Indexes for table `tb_pengurusbarang`
--
ALTER TABLE `tb_pengurusbarang`
  ADD PRIMARY KEY (`id`);

--
-- Indexes for table `tb_perbaikan`
--
ALTER TABLE `tb_perbaikan`
  ADD PRIMARY KEY (`id`);

--
-- Indexes for table `tb_pindah`
--
ALTER TABLE `tb_pindah`
  ADD PRIMARY KEY (`id_pindah`);

--
-- Indexes for table `tb_pindahtemp`
--
ALTER TABLE `tb_pindahtemp`
  ADD PRIMARY KEY (`id`);

--
-- Indexes for table `tb_ruang`
--
ALTER TABLE `tb_ruang`
  ADD PRIMARY KEY (`id_ruang`);

--
-- Indexes for table `tb_tahun`
--
ALTER TABLE `tb_tahun`
  ADD PRIMARY KEY (`id_tahun`);

--
-- Indexes for table `tb_tanah`
--
ALTER TABLE `tb_tanah`
  ADD PRIMARY KEY (`id_tanah`);

--
-- Indexes for table `tb_user`
--
ALTER TABLE `tb_user`
  ADD PRIMARY KEY (`id_user`);

--
-- AUTO_INCREMENT for dumped tables
--

--
-- AUTO_INCREMENT for table `tb_baranghp`
--
ALTER TABLE `tb_baranghp`
  MODIFY `id_baranghp` int(11) NOT NULL AUTO_INCREMENT, AUTO_INCREMENT=21;

--
-- AUTO_INCREMENT for table `tb_baranginv`
--
ALTER TABLE `tb_baranginv`
  MODIFY `id_baranginv` int(11) NOT NULL AUTO_INCREMENT, AUTO_INCREMENT=1872;

--
-- AUTO_INCREMENT for table `tb_detailkeluarhp`
--
ALTER TABLE `tb_detailkeluarhp`
  MODIFY `id` int(11) NOT NULL AUTO_INCREMENT, AUTO_INCREMENT=48;

--
-- AUTO_INCREMENT for table `tb_gedung`
--
ALTER TABLE `tb_gedung`
  MODIFY `id_gedung` int(4) NOT NULL AUTO_INCREMENT, AUTO_INCREMENT=11;

--
-- AUTO_INCREMENT for table `tb_kategori`
--
ALTER TABLE `tb_kategori`
  MODIFY `id_kategori` int(3) NOT NULL AUTO_INCREMENT, AUTO_INCREMENT=86;

--
-- AUTO_INCREMENT for table `tb_keluarhp`
--
ALTER TABLE `tb_keluarhp`
  MODIFY `id_keluarhp` int(11) NOT NULL AUTO_INCREMENT, AUTO_INCREMENT=112;

--
-- AUTO_INCREMENT for table `tb_keluarhptemp`
--
ALTER TABLE `tb_keluarhptemp`
  MODIFY `id` int(11) NOT NULL AUTO_INCREMENT, AUTO_INCREMENT=528;

--
-- AUTO_INCREMENT for table `tb_kondisi`
--
ALTER TABLE `tb_kondisi`
  MODIFY `id_kondisi` int(2) NOT NULL AUTO_INCREMENT, AUTO_INCREMENT=7;

--
-- AUTO_INCREMENT for table `tb_masukhp`
--
ALTER TABLE `tb_masukhp`
  MODIFY `id_masukhp` int(11) NOT NULL AUTO_INCREMENT, AUTO_INCREMENT=15;

--
-- AUTO_INCREMENT for table `tb_perbaikan`
--
ALTER TABLE `tb_perbaikan`
  MODIFY `id` int(11) NOT NULL AUTO_INCREMENT, AUTO_INCREMENT=7;

--
-- AUTO_INCREMENT for table `tb_pindah`
--
ALTER TABLE `tb_pindah`
  MODIFY `id_pindah` int(11) NOT NULL AUTO_INCREMENT, AUTO_INCREMENT=1716;

--
-- AUTO_INCREMENT for table `tb_pindahtemp`
--
ALTER TABLE `tb_pindahtemp`
  MODIFY `id` int(11) NOT NULL AUTO_INCREMENT, AUTO_INCREMENT=2188;

--
-- AUTO_INCREMENT for table `tb_ruang`
--
ALTER TABLE `tb_ruang`
  MODIFY `id_ruang` int(3) NOT NULL AUTO_INCREMENT, AUTO_INCREMENT=101;

--
-- AUTO_INCREMENT for table `tb_tahun`
--
ALTER TABLE `tb_tahun`
  MODIFY `id_tahun` int(4) NOT NULL AUTO_INCREMENT, AUTO_INCREMENT=26;

--
-- AUTO_INCREMENT for table `tb_tanah`
--
ALTER TABLE `tb_tanah`
  MODIFY `id_tanah` int(4) NOT NULL AUTO_INCREMENT, AUTO_INCREMENT=11;

--
-- AUTO_INCREMENT for table `tb_user`
--
ALTER TABLE `tb_user`
  MODIFY `id_user` int(3) NOT NULL AUTO_INCREMENT, AUTO_INCREMENT=32;
COMMIT;

/*!40101 SET CHARACTER_SET_CLIENT=@OLD_CHARACTER_SET_CLIENT */;
/*!40101 SET CHARACTER_SET_RESULTS=@OLD_CHARACTER_SET_RESULTS */;
/*!40101 SET COLLATION_CONNECTION=@OLD_COLLATION_CONNECTION */;
